"pdf_path","url","content"
"output/pdfs-2024/sDVMNhPi1725399013.pdf","https://goo.su/GEjuZ","[Source: x.com] JavaScript is not available. We‚Äôve detected that JavaScript is disabled in this browser. Please enable JavaScript or switch to a supported browser to continue using x.com. You can see a list of supported browsers in our Help Center. Help Center Terms of Service Privacy Policy Cookie Policy Imprint Ads info ¬© 2025 X Corp. Something went wrong, but don‚Äôt fret ‚Äî let‚Äôs give it another shot. Try again Firefox‚Äôs Enhanced Tracking Protection (Strict Mode) is known to cause issues on x.com"
"output/pdfs-2024/sDVMNhPi1725399013.pdf","https://goo.su/JxXvGl","[Source: x.com] JavaScript is not available. We‚Äôve detected that JavaScript is disabled in this browser. Please enable JavaScript or switch to a supported browser to continue using x.com. You can see a list of supported browsers in our Help Center. Help Center Terms of Service Privacy Policy Cookie Policy Imprint Ads info ¬© 2025 X Corp. Something went wrong, but don‚Äôt fret ‚Äî let‚Äôs give it another shot. Try again Some privacy related extensions may cause issues on x.com. Please disable them and try again."
"output/pdfs-2024/sDVMNhPi1725399013.pdf","https://goo.su/iTpN8","[Source: x.com] JavaScript is not available. We‚Äôve detected that JavaScript is disabled in this browser. Please enable JavaScript or switch to a supported browser to continue using x.com. You can see a list of supported browsers in our Help Center. Help Center Terms of Service Privacy Policy Cookie Policy Imprint Ads info ¬© 2025 X Corp. Something went wrong, but don‚Äôt fret ‚Äî let‚Äôs give it another shot. Try again Some privacy related extensions may cause issues on x.com. Please disable them and try again."
"output/pdfs-2024/sDVMNhPi1725399013.pdf","https://goo.su/0eYeWdG","[Source: www.primicias.ec] Decomisan seis toneladas de coca√≠na en el puerto de Guayaquil, el cargamento m√°s grande de 2024 Suscr√≠bete a nuestras notificaciones para recibir las √∫ltimas noticias y actualizaciones. Lo √öltimo Temas: Daniel Noboa Luisa Gonz√°lez Asamblea Elecciones 2025 Donald Trump Lunes, 3 de marzo de 2025 Home Lo √öltimo Pol√≠tica Elecciones Ecuador 2025 Econom√≠a Empresas Reputaci√≥n en Acci√≥n Seguridad Sucesos Caso Met√°stasis Quito Guayaquil Jugada #Eldeportequequeremos Eliminatorias Mundial 2026 Tabla de posiciones LigaPro 2025 Tabla de posiciones Eliminatorias Mundial 2026 Sociedad Censo Ecuador Trending TV y Streaming M√∫sica Gastronomia Cine Cultura Firmas Internacional NEWSLETTER Juegos Telegram X Twitter √ó Telegram X Twitter Lo √öltimo Pol√≠tica Elecciones Ecuador 2025 Economia Empresas Reputaci√≥n en Acci√≥n Seguridad Sucesos Caso Met√°stasis Quito Guayaquil Jugada LigaPro F√∫tbol La Tri Tabla de posiciones LigaPro 2024 M√°s deportes Ciclismo Eliminatorias Mundial 2026 #Eldeportequequeremos Juegos Ol√≠mpicos 2024 Sociedad Censo Ecuador Trending TV y Streaming M√∫sica Gastronomia Cine Cultura Ciencia y Tecnolog√≠a Firmas Internacional Juegos Videos Activar Notificaciones Desactivar Notificaciones NEWSLETTERS Sucesos Decomisan seis toneladas de coca√≠na en el puerto de Guayaquil, el cargamento m√°s grande de 2024 Durante una inspecci√≥n a un contenedor de banano, la Polic√≠a encontr√≥ 6.287 paquetes tipo ladrillo de coca√≠na. La droga est√° valorada en USD 250 millones en el mercado europeo. Polic√≠as custodian un cargamento de coca√≠na en el Puerto Mar√≠timo de Guayaquil. Fiscal√≠a Autor: Redacci√≥n Primicias Actualizada: 04 jul 2024 - 18:36 Compartir: X Twitter Telegram √öNETE A NUESTO CANAL Las autoridades dieron un nuevo golpe al narcotr√°fico en Guayaquil. Al interior del Puerto Mar√≠timo , encontraron casi seis toneladas de coca√≠na listas para ser enviadas a Europa. La droga estaba oculta en un contenedor de banano de exportaci√≥n , distribuida en 6.287 paquetes tipo ladrillo, informaron las autoridades este jueves 4 de julio de 2024. ""Ecuador es zona de guerra"" para satisfacer demanda de coca√≠na de Europa, dice The Guardian Seg√∫n las investigaciones, las seis toneladas de coca√≠na iban a ser transportados a M√°laga , en Espa√±a . Ocho detenidos y allanamientos El operativo Poseid√≥n 25 , ejecutado el 3 de julio a las 11:30, dej√≥ ocho detenidos , todos sin antecedentes penales, inform√≥ la Polic√≠a: Inspector de la carga Gerente de la empresa Administrador del centro de acopio Jefe de personal de cuadrilla Conductor Jefe de operaciones de la empresa Delegado de la inspecci√≥n del puerto Inspector de la empresa Como parte del operativo, la Polic√≠a realiz√≥ tres allanamientos Guayaquil y en Machala relacionado con la cadena log√≠stica de la empresa, desde altos representantes de la empresa hasta los estibadores del producto. Cargamento de droga m√°s grande decomisado La Polic√≠a confirm√≥ que este es el cargamento m√°s grande que las autoridades ecuatorianas han incautado en 2024 en Ecuador. Esta droga est√° valorada en USD 250 millones en el mercado europeo y en USD 12,5 millones en Ecuador, seg√∫n estimaciones de la Polic√≠a. A este se suma el decomiso de tres toneladas de coca√≠na en un contenedor de banano en un puerto de El Oro, que ten√≠a como destino Rusia, el pasado 1 de julio. Decomiso de drogas en aumento El decomiso de drogas sigue en aumento en el pa√≠s. Seg√∫n un informe con corte al 6 de mayo de 2024, este a√±o las autoridades ecuatorianas hab√≠an capturado cerca de 103 toneladas de sustancias il√≠citas , 28 m√°s que en el mismo periodo de 2023. El a√±o pasado, Ecuador super√≥ la incautaci√≥n de 200 toneladas , siendo el tercer pa√≠s del mundo que m√°s droga decomisa, por detr√°s de Colombia y Estados Unidos. Droga decomisada en 2024 La Polic√≠a Nacional, a trav√©s de la Direcci√≥n Nacional Antinarc√≥ticos, ha intervenido en 5.000 casos, con aproximadamente 6.000 detenidos y 149 toneladas de droga decomisada en lo que va de 2024. En total, esta mercanc√≠a est√° valorada en USD 6.000 millones . #Guayaquil #coca√≠na #narcotr√°fico #Espa√±a #droga #decomiso de coca√≠na Compartir: X Twitter Telegram Noticias Relacionadas Sucesos Dram√°tica liberaci√≥n de dos secuestrados en Guayas, tras balacera en el sector de Churute, Guayaquil Leer m√°s ¬ª Sucesos Enfrentamiento armado en Puerto El Carmen, Sucumb√≠os, deja dos heridos durante un evento por carnaval Leer m√°s ¬ª Sucesos Macabro hallazgo en Guayaquil: Un cuerpo decapitado flotaba en el estero y su cabeza estaba en un saco Leer m√°s ¬ª Sucesos Un polic√≠a muri√≥ en Esmeraldas tras abatir a dos presuntos asesinos Leer m√°s ¬ª Sucesos Acci√≥n policial en Manab√≠ permite detener a 13 presuntos miembros de Los Choneros y Los Lobos Leer m√°s ¬ª Sucesos Ecuatoriano miembro de Los Lobos y con notificaci√≥n de Interpol es detenido en Colombia Leer m√°s ¬ª Sucesos Cuenca: Cinco personas mueren por el choque de un bus sin frenos en Sayaus√≠, el veh√≠culo no ten√≠a permiso de circulaci√≥n Leer m√°s ¬ª Sucesos Alias ‚ÄòGarz√≥n‚Äô, supuesto miembro de Los Tigue"
"output/pdfs-2024/sDVMNhPi1725399013.pdf","https://goo.su/jwzBU3v","[Source: meganews.mx] Pescador convulsiona en su embarcaci√≥n en costas de Yucat√°n Cerrar Buscar: Buscar INICIO QUINTANA ROO Open dropdown menu Noticias Canc√∫n Playa del Carmen Isla Mujeres NACIONAL INTERNACIONAL ENTRETENIMIENTO DEPORTES YUCAT√ÅN ESPECIALES Facebook Twitter Instagram YouTube Cerrar Saltar al contenido MegaNews Noticias de √∫ltima hora de Canc√∫n, M√©xico y el mundo Men√∫ INICIO QUINTANA ROO Open dropdown menu Noticias Canc√∫n Playa del Carmen Isla Mujeres NACIONAL INTERNACIONAL ENTRETENIMIENTO DEPORTES YUCAT√ÅN ESPECIALES Open Search Buscar: Buscar Publicado en Yucat√°n Pescador convulsiona en su embarcaci√≥n en costas de Yucat√°n Reci√©n ha iniciado la temporada de langosta y en las costas de Yucat√°n un pescador se convulsion√≥ en su embarcaci√≥n. por Jair M. 1 de julio de 2024, 7:41 pm 1 de julio de 2024, 7:41 pm Yucat√°n.- Se ha reportado este lunes 1 de junio de 2024 que un pescador se convulsion√≥ en su embarcaci√≥n en las costas de Yucat√°n , esto en el inicio de la temporada de captura de langosta en dicha entidad. La situaci√≥n mencionada anteriormente provoc√≥ la llamada de los elementos de la Secretar√≠a de Marina (Semar) a trav√©s de la D√©cima Tercera Zona Naval. Se√±alar que el hombre que se convulsion√≥ en altamar sufri√≥ el percance en un buque de navegaci√≥n mayor. Se report√≥ que en un buque pesquero se encontraba un tripulante de sexo masculino, que presentaba convulsiones. Te podr√≠a interesar: Joven pescador cae a aguas infestadas de tiburones En costas de Yucat√°n un pescador se convulsiona en su embarcaci√≥n El personal que acudi√≥ al llamado de emergencia a la embarcaci√≥n que estaba en las costas de Yucat√°n sali√≥ de la base en Yucalpet√©n , para dirigirse a 73 millas n√°uticas (135 kil√≥metros) al noroeste de Progreso. Una vez llegaron al punto se√±alado se le brind√≥ al pescador la atenci√≥n medica conveniente, ante el incidente que se vivi√≥ este lunes 1 de julio, el hombre que se convulsion√≥ en su embarcaci√≥n tuvo que desistir de la idea de ir a la pesca de langosta. Por lo que subi√≥ al veh√≠culo marino y militar para tener su traslado al puerto de Yucalpet√©n, donde lo esperaba una ambulancia para trasladarlo a un hospital de la localidad. Por fortuna el pescador logr√≥ ser estabilizado en el hospital al que fue llevado, se espera en los d√≠as siguientes comience con su respectiva rehabilitaci√≥n para poder retornar a sus actividades pesqueras. Destaca que para varios pescadores este viaje podr√≠a ser el √∫ltimo luego de una posible pausa debido a las condiciones del clima. S√≠guenos en Google News Te puede interesar Etiquetas: Noticias Yucat√°n Jair M. Editor de noticias de MegaNews Quintana Roo. Enfocado en noticias sobre Deportes y Espect√°culos. Adem√°s de noticias sobre Canc√∫n, M√©xico y el Mundo. M√°s de Jair M. √öltimas noticias Eclipse del Sol en 2025: ¬øSer√° visible en Quintana Roo? 3 de marzo de 2025, 4:32 pm Guardia Nacional provoca fuerte carambola en Canc√∫n 3 de marzo de 2025, 3:59 pm VIDEO: Galilea Montijo habla de su ca√≠da en el Carnaval Mazatl√°n 2025 3 de marzo de 2025, 3:22 pm Karla Sof√≠a Gasc√≥n habla tras su fracaso en los Oscars 2025 3 de marzo de 2025, 2:08 pm Permanece paro indefinido de maestros en Quintana Roo 3 de marzo de 2025, 12:56 pm Facebook Twitter Instagram YouTube meganews@grupomegamedia.mx tel: 9422222 ext.1774 Aviso de privacidad ¬© 2025 Megamedia. Todos los derechos reservados Powered by Newspack Buscar otras noticias"
"output/pdfs-2024/sDVMNhPi1725399013.pdf","https://goo.su/f32B7s","Error: HTTP 400"
"output/pdfs-2024/sDVMNhPi1725399013.pdf","https://goo.su/jS1Ta7o","[Source: x.com] JavaScript is not available. We‚Äôve detected that JavaScript is disabled in this browser. Please enable JavaScript or switch to a supported browser to continue using x.com. You can see a list of supported browsers in our Help Center. Help Center Terms of Service Privacy Policy Cookie Policy Imprint Ads info ¬© 2025 X Corp. Something went wrong, but don‚Äôt fret ‚Äî let‚Äôs give it another shot. Try again Firefox‚Äôs Enhanced Tracking Protection (Strict Mode) is known to cause issues on x.com"
"output/pdfs-2024/sDVMNhPi1725399013.pdf","https://goo.su/cANWZB","[Source: www.facebook.com] ü§ùEVACUACI√ìN M√âDICA EN... - Armada Paraguaya - Pagina Oficial Facebook Log In Armada Paraguaya - Pagina Oficial's Post Armada Paraguaya - Pagina Oficial June 29, 2024 ¬∑ Shared with Public EVACUACI√ìN M√âDICA EN ZONA DE ALBERDI Personal de la Prefectura Naval de Zona Alberdi efectu√≥ una evacuaci√≥n m√©dica v√≠a fluvial a un paciente de tercera edad de la mencionada comunidad qui√©n contaba con retenci√≥n aguda de l√≠quido. El hombre fue trasladado hasta el Hospital de Formosa. All reactions: 23 1 comment Like Comment Most relevant Ôªø Jose Fernando Silva Croskey 35w"
"output/pdfs-2024/sDVMNhPi1725399013.pdf","https://goo.su/RpcLVs","[Source: www.ntv.com.mx] Marina rescata vivos a dos pescadores perdidos en el mar de Nayarit Facebook Instagram TikTok Twitter Youtube Nayarit M√©xico Mundo Sorprendente Deportes Estilos Tecnolog√≠a Opini√≥n Buscar NTV+ El Portal de Nayarit NTV+ El Portal de Nayarit Nayarit M√©xico Mundo Sorprendente Deportes Estilos Tecnolog√≠a Opini√≥n M√°s Buscar Inicio Nayarit Marina rescata vivos a dos pescadores perdidos en el mar de Nayarit Nayarit Marina rescata vivos a dos pescadores perdidos en el mar de Nayarit Por David Silva - 29 junio, 2024 0 Facebook Twitter WhatsApp Email Telegram La Secretar√≠a de Marina a trav√©s de la Armada de M√©xico, inform√≥ en un comunicado que por conducto de la de la D√©cima Zona Naval, en d√≠as pasados, personal naval rescat√≥ a de dos pescadores aproximadamente a 16 millas n√°uticas (30 kil√≥metros) al suroeste de San Blas, Nayarit. Lo anterior, derivado de una llamada de emergencias por parte del director de Pesca Municipal, informando el retraso en el arribo de una embarcaci√≥n. Por lo anterior, se orden√≥ el zarpe de una embarcaci√≥n tipo Defender perteneciente a la Estaci√≥n Naval de B√∫squeda y Rescate (ENSAR) San Blas, con personal especializado a bordo, activando el Sistema Nacional de B√∫squeda y Rescate mar√≠timo, para localizarlos. Al ubicarlos, personal naval procedi√≥ a embarcarlos para trasladarlos junto con su embarcaci√≥n al muelle de la D√©cima Zona Naval, en donde personal de Sanidad Naval llev√≥ a cabo su valoraci√≥n m√©dica encontr√°ndolos estables, para posteriormente ser trasladados con sus familiares. Destacan que los citados pescadores llevaban varias horas extraviados a la deriva, debido a que su embarcaci√≥n present√≥ aver√≠as en sus motores. De esta manera, la Secretar√≠a de Marina a trav√©s de la Armada de M√©xico refrenda su compromiso de salvaguardar la vida humana en la mar. Asimismo, para casos de emergencia, la Secretar√≠a de Marina pone a su disposici√≥n el n√∫mero telef√≥nico: 800 627 4621 (800 MARINA 1). Asimismo, la D√©cima Zona Naval pone a disposici√≥n de la ciudadan√≠a el n√∫mero de contacto: 323 688 0601. Facebook Twitter WhatsApp Email Telegram Art√≠culo anterior El diario New York Times pide al presidente Biden que se retire de contienda presidencial vs Trump Art√≠culo siguiente Habr√° lluvias intensas en varios estados, entre ellos Nayarit, informa la Conagua David Silva INMUNAY - DENUNCIA AL 911 SSPC - ALTO A LA EXTORSI√ìN SSPC - USA CASCO EN MOTO SSPC - USA CASTO MUNICIPIOS SSPC - SALUD MENTAL SSPC - ALCOHOL Y VOLANTE DESASTRE INSCRIPCIONES COBAEN INSCRIPCIONES CECYTEN INSCRIPCIONES CECYTEN MODALIDAD EMSAD INSCRIPCIONES UTNAY BODAS COLECTIVAS SSPC - CU√çDATE DEL FR√çO SSN - SALUD MENTAL SOBRE NOSOTROS NTV es un portal y canal de televisi√≥n por internet, dirigido por el periodista Antonio Tello, con sede en Nayarit y generador de noticias para un p√∫blico global. Cont√°ctanos: atello@nayaritenlinea.mx S√çGUENOS Facebook Instagram TikTok Twitter Youtube ¬©Copyright 2023 NTV+ C√≥digo de √©tica - Declaraci√≥n de accesibilidad - Directorio"
"output/pdfs-2024/sDVMNhPi1725399013.pdf","https://goo.su/rzhuU","[Source: x.com] JavaScript is not available. We‚Äôve detected that JavaScript is disabled in this browser. Please enable JavaScript or switch to a supported browser to continue using x.com. You can see a list of supported browsers in our Help Center. Help Center Terms of Service Privacy Policy Cookie Policy Imprint Ads info ¬© 2025 X Corp. Something went wrong, but don‚Äôt fret ‚Äî let‚Äôs give it another shot. Try again Some privacy related extensions may cause issues on x.com. Please disable them and try again."
"output/pdfs-2024/sDVMNhPi1725399013.pdf","https://goo.su/HIzOzp","[Source: www.agencia.marinha.mil.br] Marinha do Brasil resgata tripulante ferido a bordo de navio turco | Ag√™ncia Marinha de Not√≠cias Pular para o conte√∫do principal O seu portal de not√≠cias sobre a Marinha do Brasil! P√°gina inicial A Ag√™ncia Expediente Editorias Amaz√¥nia Azul Apoio √†s a√ß√µes do Estado Apoio √† Pesquisa Carreira Naval Ci√™ncia e Tecnologia Cuidando da Nossa Gente Defesa Naval Educa√ß√£o e Cultura Especial Esporte Hist√≥ria Naval Internacional Meio Ambiente Prote√ß√£o Mar√≠tima Seguran√ßa da Navega√ß√£o Transporte Aquavi√°rio Vem pra Marinha Conhe√ßa Tamb√©m Centro de Comunica√ß√£o Social da Marinha Ag√™ncia Marinha de Not√≠cias Esplanada dos Minist√©rios, S/N¬∫, Bloco N 3¬∫ Andar Bras√≠lia/DF CEP: 70055-900 Telefone: (61) 3429-1941 ¬†/¬† (61) 99101-5126 E-mail: agenciadenoticias@marinha.mil.br Claro Escuro Autom√°tico Defesa Naval Vem pra Marinha Amaz√¥nia Azul Seguran√ßa da Navega√ß√£o Carreira Naval Cuidando da Nossa Gente Outras Editorias Prote√ß√£o Mar√≠tima Apoio √†s a√ß√µes do Estado Ci√™ncia e Tecnologia Educa√ß√£o e Cultura Especial Esporte Hist√≥ria Naval Internacional Meio Ambiente Transporte Aquavi√°rio Cuidando da Nossa Gente Marinha do Brasil resgata tripulante ferido a bordo de navio turco Evacua√ß√£o aerom√©dica aconteceu a 15km da Lagoa dos Patos, no RS Por Ag√™ncia Marinha de Not√≠cias 29 Junho, 2024 visualiza√ß√µes Compartilhe: Cuidando da Nossa Gente Marinha do Brasil resgata tripulante ferido a bordo de navio turco Evacua√ß√£o aerom√©dica aconteceu a 15km da Lagoa dos Patos, no RS Por Ag√™ncia Marinha de Not√≠cias 29 Junho, 2024 visualiza√ß√µes Compartilhe: A Marinha do Brasil resgatou, ontem (28), um tripulante do Navio Mercante ‚ÄúHACI ALI SARI‚Äù, que sofreu uma queda a bordo e precisou de socorro m√©dico. O navio de bandeira turca navegava a 8 milhas n√°uticas (cerca de 15 quil√¥metros) da Lagoa dos Patos, no Rio Grande do Sul, quando a aeronave AH-11B ‚ÄúSuper Lynx‚Äù, da Fragata ‚ÄúLiberal‚Äù, conseguiu alcan√ß√°-lo e providenciar a evacua√ß√£o emergencial. Al√©m de coordenar a opera√ß√£o, o Centro de Coordena√ß√£o do Servi√ßo de Busca e Salvamento da Marinha na regi√£o (Salvamar Sul) acionou a Policl√≠nica Naval de Rio Grande para que o m√©dico de plant√£o realizasse o atendimento inicial. A Praticagem de Rio Grande colaborou com informa√ß√µes necess√°rias para o planejamento da evacua√ß√£o. O tripulante foi transportado para o Porto de Rio Grande, de onde foi encaminhado ao Hospital Monporto, para avalia√ß√£o de seu estado de sa√∫de e os cuidados m√©dicos especializados. A Fragata ‚ÄúLiberal‚Äù e sua aeronave chegaram a Rio Grande (RS) na √∫ltima quinta-feira (27), acompanhando o Navio-Aer√≥dromo Multiprop√≥sito ‚ÄúAtl√¢ntico‚Äù, a fim de prestar aux√≠lio √† popula√ß√£o ga√∫cha afetada pelas enchentes. Sobre o Servi√ßo de Busca e Salvamento A Marinha do Brasil (MB) opera o Servi√ßo de Busca e Salvamento Mar√≠timo do Brasil, conhecido como Salvamar Brasil, em √°rea de aproximadamente 14,5 milh√µes de km¬≤, abrangendo toda a costa brasileira, a ‚ÄúAmaz√¥nia Azul‚Äù. A √°rea de cobertura √© dividida em nove sub-regi√µes, sob responsabilidade dos Distritos Navais e dos respectivos Centros de Coordena√ß√£o regionais. Al√©m disso, mant√©m navios e aeronaves dispon√≠veis e militares treinados para as situa√ß√µes de resgate, e uma complexa estrutura de coleta e compartilhamento de informa√ß√µes, o que possibilita a localiza√ß√£o das v√≠timas e das embarca√ß√µes mais pr√≥ximas em condi√ß√µes de prestar apoio. Quando poss√≠vel, a pr√≥pria embarca√ß√£o em situa√ß√£o de perigo ou qualquer pessoa que tenha testemunhado um incidente em potencial pode entrar em contato com a Marinha pelo telefone 185, dispon√≠vel 24 horas por dia, sete dias por semana, em todo o territ√≥rio nacional. Al√©m do telefone, o contato pode ser estabelecido por meio de fax, e-mail ou utilizando os sistemas presentes nas embarca√ß√µes, conhecidos como Sistema Global de Socorro e Seguran√ßa Mar√≠timo (GMDSS). Outra maneira de refor√ßar a seguran√ßa, durante as navega√ß√µes, √© a utiliza√ß√£o do aplicativo NAVSEG. O aplicativo NAVSEG opera atrav√©s do envio regular de dados, atualizando a posi√ß√£o das embarca√ß√µes cadastradas a cada 15 minutos aos centros de monitoramento da Marinha. Dessa forma, possibilita a agilidade de localiza√ß√£o das embarca√ß√µes e de resgate. ¬† *Colabora√ß√£o do Segundo-Tenente Radde Assista ao v√≠deo: youtube[https://www.youtube.com/embed/LpdZMQlhzqc?rel=0&amp;] . . . Palavras-Chave: Opera√ß√£o ‚ÄúTaquari 2‚Äú Abrigo Pelo Mar ‚Äì RS Busca e Salvamento SAR Comentar Seu nome Email O conte√∫do deste campo √© privado e n√£o ser√° exibido ao p√∫blico. P√°gina inicial Coment√°rio Sobre os formatos de texto Texto puro Nenhuma tag HTML permitida. Quebras de linhas e par√°grafos s√£o feitos automaticamente. Endere√ßos de p√°gina da web e endere√ßos de e-mail se tornam links automaticamente. Mat√©rias Relacionadas Cuidando da Nossa Gente Marinha resgata tripulante de navio mercante com suspeita de infarto 16 Fev, 2025 1.817 Visualiza√ß√µes Cuidando da Nossa Gente Marinha resgata pescador em alto-mar na costa do Par√° 01 Fev, 2025 1.149 Visualiza√ß√µes Apoio √†s a√ß√µes do Estado Conhe√ßa as a√ß√µes operativas realizadas pe"
"output/pdfs-2024/sDVMNhPi1725399013.pdf","https://goo.su/Y8BPS","[Source: www.tvazteca.com] VIDEO: Captan el dram√°tico incendio de un barco en Canc√∫n TV Azteca En Vivo Revive gratis tus programas y novelas Descargar TV EN VIVO TV Azteca Azteca UNO Azteca 7 Deportes Noticias adn40 a m√°s + Regional News Videos Galer√≠as Notas En Vivo Programas completos Ana De Nadie Ac√©rcate a Roc√≠o Videos Ac√©rcate a Roc√≠o Al Extremo La Resolana Venga La Alegr√≠a Ventaneando Notas TV Azteca Notas Galer√≠as Galer√≠as Ventaneando Galer√≠as Venga La Alegr√≠a Realities y Concursos La Academia Series y Novelas Lo Que Callamos Las Mujeres Espect√°culos y Entretenimiento Ac√©rcate a Roc√≠o Venga la Alegr√≠a Ventaneando Al Extremo Hor√≥scopos La Resolana Programas completos Exatl√≥n M√©xico Ac√©rcate a Roc√≠o Ver m√°s Notas Galer√≠as Realities y Concursos Series y Novelas Lo Que Callamos Las Mujeres Un D√≠a Para Vivir Lo Que La Gente Cuenta A Cada Quien Su Santo Espect√°culos y Entretenimiento Ac√©rcate a Roc√≠o Venga La Alegr√≠a Ventaneando Al Extremo Extranormal Hor√≥scopos La Resolana Con El Capi Noticias Azteca Noticias adn40 Notas Notas TV Azteca Galer√≠as Galer√≠as Series Un D√≠a Para Vivir Lo Que La Gente Cuenta Malcolm el de en medio Los Simpson Ver m√°s Pel√≠culas Pel√≠culas Platinum Platinum Especiales Especiales Programas completos Extranormal A Cada Quien Su Santo Notas Notas Galer√≠as Galer√≠as Series y Novelas A Cada Quien Su Santo La Vida en el Espejo T√≠o Alberto Vivir a Destiempo Todo por Amor Extranormal Extranormal Especiales Especiales a m√°s + 7.2 adn40 Radio Pol√≠tica Ciudad M√©xico Es Tendencia Finanzas Internacional Tiempo Libre Seguridad Pop Deportes Salud Ciencia Opini√≥n adn40 Conflicto en Ucrania Especiales Videoteca Infograf√≠as Autores Pol√≠tica Finanzas Salud y Educaci√≥n Seguridad Estados Mundo Opini√≥n Deportes Espect√°culos Tendencias Videos Galer√≠as FUT Azteca Liga MX Selecci√≥n Azteca Futbol Internacional Esports Esports La People‚Äôs League League of Legends Fut Azteca Ecup by Volt Shooters & Battle Royale Comunidad y Lo Nuevo Fighting Negocios Sports Galer√≠as Box Azteca Box Azteca Canelo √Ålvarez Los Campeones ¬°Qu√© Golpazos! Otros Otros Deportes Home Run Azteca Ritual NFL Azteca Momios Automovilismo Azteca Los Protagonistas Juegos Ol√≠mpicos de Par√≠s 2024 Tenis Azteca Golf Lucha Azteca Programas Originales TV Azteca Deportes TENDENCIA Aztecauno/ aztecauno aztecanovelas aztecauno 0029Va7PwmuFy72IP79E6T16 ‚úö Captan en video el dram√°tico incendio de un barco en Canc√∫n A trav√©s de redes sociales, se hizo viral un video del incendio de un barco en Canc√∫n. Te compartimos los detalles. 02 julio 2024 Por: Luis Antonio Ortega Reynoso | Marktube Venga La Alegr√≠a Compartir Copiar enlace Cr√©dito: X Qu√© Poca Madre | @QuePocaMadreMex En un giro inesperado de los eventos, el tranquilo horizonte de Canc√∫n se vio interrumpido por un espect√°culo tan impactante como peligroso . Lo que comenz√≥ como un d√≠a normal en el para√≠so tur√≠stico mexicano, pronto se convirti√≥ en una escena digna de una pel√≠cula de acci√≥n, capturando la atenci√≥n de locales y visitantes por igual. Captan en video el dram√°tico incendio de un barco en Canc√∫n El pasado lunes 1 de julio, alrededor de las 14:00 horas, una embarcaci√≥n ligera se convirti√≥ en el centro de atenci√≥n no deseado frente al puente Calinda, en la Zona Hotelera de Canc√∫n . El incidente, captado en video por varios testigos, muestra c√≥mo las llamas envuelven r√°pidamente el barco, generando una densa columna de humo negro visible desde kil√≥metros a la redonda. Te puede interesar: Ola gigante DEVORA a mujer en presencia de su novio (VIDEO) Se abrieron las puertas del infierno, hubo un fuerte incendio en CDMX [VIDEO] Bomberos acudieron a controlar un fuerte incendio provocado por un corto circuito ocurrido dentro de un inmueble ubicado en el centro de la CDMX. Los videos difundidos en redes sociales revelan la magnitud del incendio, con las llamas devorando la embarcaci√≥n mientras otros barcos cercanos observan impotentes. ¬øCu√°l fue la raz√≥n del incendio del barco en Canc√∫n? Aunque las autoridades a√∫n investigan la causa exacta del incendio, las primeras hip√≥tesis apuntan a un posible cortocircuito como el origen del desastre . Este incidente subraya la importancia del mantenimiento adecuado y las revisiones regulares de seguridad en las embarcaciones, especialmente en zonas tur√≠sticas de alta afluencia. Cabe se√±alar que, de acuerdo con reportes, la lucha contra el fuego se vio complicada por la falta de equipos especializados para combatir incendios en el agua . Varios barcos particulares intentaron heroicamente sofocar las llamas rociando agua, pero sus esfuerzos resultaron insuficientes ante la voracidad del fuego. Te puede interesar: Mujer da golpiza a chofer de cami√≥n por ir a ‚Äúexceso de velocidad‚Äù; as√≠ fue el momento üö® EMERGENCIA ACU√ÅTICA ‚ö† ARDI√ì EN LLAMAS EN MEDIO DEL MAR üõ•üî•üåä üü°Esta tarde se registr√≥ el #incendio de una embarcaci√≥n a la altura del Puente Calinda en la zona hotelera de #Canc√∫n , #QuintanaRoo , la Capitan√≠a de Puerto brind√≥ atenci√≥n a los tripulantes del nav√≠o.‚Ä¶ pic.twitter.com/LcnvmxqYjC ‚Äî Qu√© Po"
"output/pdfs-2024/sDVMNhPi1725399013.pdf","https://goo.su/MjWOLD","[Source: x.com] JavaScript is not available. We‚Äôve detected that JavaScript is disabled in this browser. Please enable JavaScript or switch to a supported browser to continue using x.com. You can see a list of supported browsers in our Help Center. Help Center Terms of Service Privacy Policy Cookie Policy Imprint Ads info ¬© 2025 X Corp. Something went wrong, but don‚Äôt fret ‚Äî let‚Äôs give it another shot. Try again Some privacy related extensions may cause issues on x.com. Please disable them and try again."
"output/pdfs-2024/sDVMNhPi1725399013.pdf","https://goo.su/T7N7lI","[Source: www.dicapi.mil.pe] DICAPI - Direcci√≥n General de Capitan√≠as y Guardacostas Organization Historical Review Mission & Vision Organizational Chart General Director Executive Director Technical Supervisor Directions General Direction Aquatic Activities Control Aquatic Environment International Affairs & OMI Coast Guard Operations Maritime Administration Inspections, Audits, and Supervisions Department TUPAM Procedures Regulatory Framework Consultations IFC LATAM PERU es Espa√±ol Ingl√©s √öltimas publicaciones √öltimas Publicaciones Correo Web Intranet DICAPI Acceso a Geoportal Correo Web Acceso a Geoportal Home Organization Historical Review Mission & Vision Organizational Chart General Director Executive Director Technical Supervisor Directions General Direction Aquatic Activities Control Aquatic Environment International Affairs & OMI Coast Guard Operations Maritime Administration Inspections, Audits, and Supervisions Department TUPAM Procedures Regulatory Framework Consultations IFC LATAM PERU Organization Historical Review Mission & Vision Organizational Chart General Director Executive Director Technical Supervisor Contact Us Address Constitution St. 150, Callao Digital Office 24 Hours In-person office: 08:00 am - 4:00 pm Telephone 012099300, Extension: 6862 MGP - DICAPI - 2025"
"output/pdfs-2024/sDVMNhPi1725399013.pdf","https://goo.su/mU86C","[Source: www.infobae.com] Naufragio en Tacna: embarcaci√≥n de nueve pescadores sufri√≥ incidente dejando a dos desaparecidos y dos muertos - Infobae 3 Mar, 2025 Buscar en todo el sitio Argentina Colombia Espa√±a M√©xico Mundo Venezuela The economist The Washington Post Realeza Opini√≥n √öltimas Noticias Turismo Per√∫ Deportes Actualidad Entretenimiento Gastronom√≠a Econom√≠a Pol√≠tica Qu√© puedo ver Cultura Tendencias Podcasts Malditos Nerds Salud Tecno ; Bienvenido Por favor, ingresa a tu cuenta. REGISTRARME INICIAR SESI√ìN Per√∫ √öltimas Noticias Pol√≠tica Deportes Entretenimiento Per√∫ Naufragio en Tacna: embarcaci√≥n de nueve pescadores sufri√≥ incidente dejando a dos desaparecidos y dos muertos Seg√∫n informaci√≥n de la Polic√≠a Nacional, solo se ha logrado rescatar a cinco personas con vida y dos fallecidos. Un dron de la PNP logr√≥ ubicar a uno de los cuerpos flotando en el mar Por Anal√≠ Espinoza 03 Jul, 2024 02:35 p.m. EST Guardar La embarcaci√≥n pesquera 'Jehov√° es la Luz del Mundo III', naufrag√≥ en el sector de Morro Sama dejando como saldo dos personas fallecidas y dos desaparecidas. | Canal N En la madrugada de este mi√©rcoles, la embarcaci√≥n ‚ÄúJehov√° es la Luz del Mundo III‚Äù sufri√≥ un tr√°gico naufragio cerca del Morro Sama, aproximadamente a 37 km al norte de la ciudad de Tacna . La nave, proveniente del norte del pa√≠s, llevaba a bordo a nueve tripulantes que de dedican a la pesca artesanal. La Polic√≠a Nacional (PNP) intervino de forma inmediata luego que se reportara la desaparici√≥n de los tripulantes. Seg√∫n informaron, entre la noche y la madrugada se ha logrado rescatar a cinco tripulantes con vida, otros dos cuerpos han sido encontrados y dos tripulantes a√∫n contin√∫an desaparecidos. Un drone de la PNP captur√≥ im√°genes del rescate del segundo cuerpo flotando en el mar, mientras que los cinco pescadores con vida fueron trasladados al Hospital Hip√≥lito Unanue de Tacna para recibir atenci√≥n m√©dica urgente. ¬øQu√© ocurri√≥? El accidente ocurri√≥ entre las 20:00 y las 22:00 horas del martes en la zona de Punta Meza. Aunque las causas del accidente a√∫n se desconocen, se sospecha que la embarcaci√≥n colision√≥ con una roca debido al oleaje intenso, lo que result√≥ en su naufragio. Las autoridades est√°n investigando si la nave ten√≠a la autorizaci√≥n de zarpe de la Capitan√≠a, dado que los puertos estaban cerrados por anomal√≠as en las condiciones mar√≠timas. Dos de los nueves tripulantes han sido reportados como fallecidos | Foto captura: PNP El jefe de la Divisi√≥n Policial de Tacna anunci√≥ que las operaciones de rescate seguir√°n de forma intensiva hasta localizar a los dos tripulantes que permanecen desaparecidos. ‚ÄúEstamos empleando todos nuestros recursos disponibles para encontrar a los desaparecidos. No descansaremos hasta dar con ellos‚Äù, declar√≥. Se conoci√≥ adem√°s que, el gobierno regional, a trav√©s del Centro de Operaciones de Emergencia Regional (COER), ha desplegado equipos y personal t√©cnico para apoyar las labores de b√∫squeda. Lista y situaci√≥n de los tripulantes Teodoro Ademir Rom√°n D√≠az: fue dado de alta. Jhonatan Guillermo Roncal Solano: se encuentra en el hospital. Luis Alberto Machero Campos: se encuentra en el hospital. Juan Hugo Palomino Mercedes: fallecido. Jarvis Arroyo Puyen Ever Guerrero Lozada Jorge Armando Moncada √Ålvarez Luis (yerno de Hugo Palomino) Jusbel (adulto mayor) El peligro al que se arriesga un pescador Lamentablemente, esta tragedia ocurre a pocos d√≠as de la celebrarse el D√≠a del Pescador, fecha que honra y reconoce la importante labor y sacrificio de los pescadores peruanos que se arriesgan a una actividad de alto riesgo. Recordemos que en el 2018, la embarcaci√≥n Mar√≠a Esperanza II, que naufrag√≥ en el mar de Chimbote tras chocar con una nave industrial, dej√≥ un saldo de ocho fallecidos. Solo el cuerpo de dos de ellos, lograron ser recuperados debido a que la peque√±a embarcaci√≥n de madera se encuentra por lo menos a unos 40 metros de profundidad. En junio de este a√±o, un tr√°gico naufragio en las playas de Quilca, provincia de Caman√°, Arequipa, result√≥ en la muerte por ahogamiento de Iv√°n Barrios Quispe, de 33 a√±os, mientras trabajaba como pescador. El accidente, ocurrido en ‚ÄòLa Playuela‚Äô el jueves 20 de junio a las 6:30 horas, dej√≥ su embarcaci√≥n, DIANET II, severamente da√±ada. Su padre, Felipe Barrios Calisaya, de 60 a√±os, logr√≥ sobrevivir nadando m√°s de 300 metros hasta la orilla. La embarcaci√≥n no ten√≠a permiso de zarpe, seg√∫n inform√≥ el Puerto de Capitan√≠a de Quilca. N√∫meros de emergencia PNP: ¬†105 Bomberos: ¬†116 Centro de Operaciones de Emergencia Regional (COER) Tacna: ¬†114 Hospital Hip√≥lito Unanue de Tacna: ¬†(052) 583200 Compartir nota: Temas Relacionados Tacna naufragio peru-noticias pescadores M√°s Noticias En plena transmisi√≥n: streamings peruanos reaccionaron as√≠ al fuerte temblor de 5 grados en vivo Mientras el sismo sacud√≠a el set, las reacciones de los conductores fueron completamente distintas. Mientras Gabriel Calvo sali√≥ corriendo, otros gritaron asustados y algunos, sin inmutarse, continuaron en sus asientos "
"output/pdfs-2024/sDVMNhPi1725399013.pdf","https://goo.su/T7N7lI","[Source: www.dicapi.mil.pe] DICAPI - Direcci√≥n General de Capitan√≠as y Guardacostas Organization Historical Review Mission & Vision Organizational Chart General Director Executive Director Technical Supervisor Directions General Direction Aquatic Activities Control Aquatic Environment International Affairs & OMI Coast Guard Operations Maritime Administration Inspections, Audits, and Supervisions Department TUPAM Procedures Regulatory Framework Consultations IFC LATAM PERU es Espa√±ol Ingl√©s √öltimas publicaciones √öltimas Publicaciones Correo Web Intranet DICAPI Acceso a Geoportal Correo Web Acceso a Geoportal Home Organization Historical Review Mission & Vision Organizational Chart General Director Executive Director Technical Supervisor Directions General Direction Aquatic Activities Control Aquatic Environment International Affairs & OMI Coast Guard Operations Maritime Administration Inspections, Audits, and Supervisions Department TUPAM Procedures Regulatory Framework Consultations IFC LATAM PERU Organization Historical Review Mission & Vision Organizational Chart General Director Executive Director Technical Supervisor Contact Us Address Constitution St. 150, Callao Digital Office 24 Hours In-person office: 08:00 am - 4:00 pm Telephone 012099300, Extension: 6862 MGP - DICAPI - 2025"
"output/pdfs-2024/sDVMNhPi1725399013.pdf","https://goo.su/aeDFuH","[Source: www.dicapi.mil.pe] DICAPI - Direcci√≥n General de Capitan√≠as y Guardacostas Organization Historical Review Mission & Vision Organizational Chart General Director Executive Director Technical Supervisor Directions General Direction Aquatic Activities Control Aquatic Environment International Affairs & OMI Coast Guard Operations Maritime Administration Inspections, Audits, and Supervisions Department TUPAM Procedures Regulatory Framework Consultations IFC LATAM PERU es Espa√±ol Ingl√©s √öltimas publicaciones √öltimas Publicaciones Correo Web Intranet DICAPI Acceso a Geoportal Correo Web Acceso a Geoportal Home Organization Historical Review Mission & Vision Organizational Chart General Director Executive Director Technical Supervisor Directions General Direction Aquatic Activities Control Aquatic Environment International Affairs & OMI Coast Guard Operations Maritime Administration Inspections, Audits, and Supervisions Department TUPAM Procedures Regulatory Framework Consultations IFC LATAM PERU Organization Historical Review Mission & Vision Organizational Chart General Director Executive Director Technical Supervisor Contact Us Address Constitution St. 150, Callao Digital Office 24 Hours In-person office: 08:00 am - 4:00 pm Telephone 012099300, Extension: 6862 MGP - DICAPI - 2025"
"output/pdfs-2024/sDVMNhPi1725399013.pdf","https://goo.su/D4Opdjg","[Source: www.dicapi.mil.pe] DICAPI - Direcci√≥n General de Capitan√≠as y Guardacostas Organization Historical Review Mission & Vision Organizational Chart General Director Executive Director Technical Supervisor Directions General Direction Aquatic Activities Control Aquatic Environment International Affairs & OMI Coast Guard Operations Maritime Administration Inspections, Audits, and Supervisions Department TUPAM Procedures Regulatory Framework Consultations IFC LATAM PERU es Espa√±ol Ingl√©s √öltimas publicaciones √öltimas Publicaciones Correo Web Intranet DICAPI Acceso a Geoportal Correo Web Acceso a Geoportal Home Organization Historical Review Mission & Vision Organizational Chart General Director Executive Director Technical Supervisor Directions General Direction Aquatic Activities Control Aquatic Environment International Affairs & OMI Coast Guard Operations Maritime Administration Inspections, Audits, and Supervisions Department TUPAM Procedures Regulatory Framework Consultations IFC LATAM PERU Organization Historical Review Mission & Vision Organizational Chart General Director Executive Director Technical Supervisor Contact Us Address Constitution St. 150, Callao Digital Office 24 Hours In-person office: 08:00 am - 4:00 pm Telephone 012099300, Extension: 6862 MGP - DICAPI - 2025"
"output/pdfs-2024/sDVMNhPi1725399013.pdf","https://goo.su/TqqJcsY","[Source: www.dicapi.mil.pe] DICAPI - Direcci√≥n General de Capitan√≠as y Guardacostas Organization Historical Review Mission & Vision Organizational Chart General Director Executive Director Technical Supervisor Directions General Direction Aquatic Activities Control Aquatic Environment International Affairs & OMI Coast Guard Operations Maritime Administration Inspections, Audits, and Supervisions Department TUPAM Procedures Regulatory Framework Consultations IFC LATAM PERU es Espa√±ol Ingl√©s √öltimas publicaciones √öltimas Publicaciones Correo Web Intranet DICAPI Acceso a Geoportal Correo Web Acceso a Geoportal Home Organization Historical Review Mission & Vision Organizational Chart General Director Executive Director Technical Supervisor Directions General Direction Aquatic Activities Control Aquatic Environment International Affairs & OMI Coast Guard Operations Maritime Administration Inspections, Audits, and Supervisions Department TUPAM Procedures Regulatory Framework Consultations IFC LATAM PERU Organization Historical Review Mission & Vision Organizational Chart General Director Executive Director Technical Supervisor Contact Us Address Constitution St. 150, Callao Digital Office 24 Hours In-person office: 08:00 am - 4:00 pm Telephone 012099300, Extension: 6862 MGP - DICAPI - 2025"
"output/pdfs-2024/sDVMNhPi1725399013.pdf","https://goo.su/tQyq","[Source: es-us.noticias.yahoo.com] Un grupo de 40 migrantes logra desembarcar en aguas al noroeste de Puerto Rico INICIO CORREO NOTICIAS FINANZAS DEPORTES CELEBRIDADES VIDA Y ESTILO M√ÅS... Yahoo Noticias Consulta de b√∫squeda Iniciar sesi√≥n Correo Inicia sesi√≥n para ver tu correo Noticias Hor√≥scopo Am√©rica Latina Noticias de M√©xico Noticias de Argentina Noticias de Colombia Noticias de Venezuela Noticias de Per√∫ Noticias de Ecuador Hispanos en EEUU Mundo Deportes F√∫tbol NBA B√©isbol NFL F1 Finanzas Tecnolog√≠a Inmigraci√≥n ‚Ä¶ Anuncios Cerrar este contenido Leer todo el art√≠culo EFE Latam Un grupo de 40 migrantes logra desembarcar en aguas al noroeste de Puerto Rico Agencia EFE 28 de junio de 2024, 9:13 a.m. ¬∑ 1 ¬†min de lectura Enlace copiado San Juan, 28 jun (EFE).- Unas 40 personas de estatus migratorio desconocido lograron desembarcar este viernes por la costa noroeste de Puerto Rico, cuyas autoridades intentan detenerles para procesarles y luego repatriarles, seg√∫n la Polic√≠a local. El grupo de indocumentados lleg√≥ a eso de las 4:40 de la ma√±ana a la costa del sector Martinica, en el barrio Aguacate, a bordo de una embarcaci√≥n de madera de 20 pies de eslora, precis√≥ la fuente.. Varios agentes de la Unidad Mar√≠tima de las Fuerzas Unidas de R√°pida Acci√≥n de Aguadilla, adscritos al Negociado de la Polic√≠a de Puerto Rico, notificaron a la Patrulla Fronteriza federal sobre el desembarco. Al momento, ninguno de los migrantes ha sido detenido, seg√∫n indica el informe policial. (c) Agencia EFE Siguiente Siguiente Siguiente Siguiente Siguiente Siguiente Siguiente"
"output/pdfs-2024/sDVMNhPi1725399013.pdf","https://goo.su/umqypLh","[Source: scc10.com.br] Velero queda a la deriva en Columbia Brit√°nica y se rescata a personas EN VIVO Navegaci√≥n de palanca Buscar Radio Clube Carah√°, barandilla ahora Columnistas Diario Voto directo Econom√≠a Empleo y carrera Especiales Desporte Famosos Hor√≥scopo Negocios Pol√≠tica Recetas Seguridad Tecnolog√≠a e innovaci√≥n Tiempo Tr√°fico Editar Categor√≠as Radio Clube Promociones EN VIVO ‚Äì SCC SBT EN VIVO ‚Äì RADIO CLUB EN VIVO ‚Äì R√ÅDIO MASSA EN VIVO ‚Äì RADIO GRALHA Diario Coronavirus Cultura Educaci√≥n Ambiente Solidaridad Tr√°fico Tiempo SCCCast Su salud Liderar charlas Especiales Arena Farofa La industria que alimenta Acaert BR-282, SC pasa por aqu√≠ BRDE 60 a√±os: cr√©dito para innovar y desarrollarse Ciudad de Piedra Blanca Conectado contigo Conexi√≥n Senac Crea-SC transformando vidas Es bueno saber de d√≥nde viene tu leche Aurora. Deseos de madre ‚Äì Cuarta temporada Deseos de madre ‚Äì Tercera temporada Deseos de madre ‚Äì Segunda temporada Efapi 2023 Estaci√≥n Pinhao Estaci√≥n Pinh√£o 2022 Estaci√≥n Pinh√£o 2023 Estaci√≥n Pinh√£o 2024 Exposuper Farofa SCC Intelbras menvie Movimiento SBA Nuestra Monta√±a Lo mejor de BC OdontoTop Tooth Hospital Para ellos Ayuntamiento de Florian√≥polis Receta Familiar ‚Äì 5ta Temporada Receta Familiar ‚Äì 4ta Temporada Saneamento Impulso del Sebrae Tu futuro est√° en la industria STZ ‚Äì zapatos y accesorios Tu salud al d√≠a Ciudades Cumbre La carrera oce√°nica 2023 Valore el tiempo: invierta en lo que es bueno para usted ¬øTu sabia? BRDE Copa Santa Catarina 2024 Pol√≠tica Guerra en Ucrania Negocios Tecnolog√≠a e innovaci√≥n Agronegocio emprender Empleo y carrera Seguridad Desporte ¬°Liberta es de ellos! Bolet√≠n.surf Champions League Libertadores Olimpiadas Copa Am√©rica F√∫tbol Bien Vivir Gastronom√≠a Moda y belleza Viajes y Turismo Columnistas Nuestro SCC Videos Programaci√≥n Originales SCC Publicidad Jur√≠dica SCC SCC SBT Radio Clube Radio Massa Radio Gralha Ditec Fundaci√≥n Carlos Joffre Trabaje conosco Defensor Seguridad Compartir Rescatar Seis personas rescatadas despu√©s de que un velero quedara a la deriva en Columbia Brit√°nica La embarcaci√≥n choc√≥ contra las rocas del Laje dos Amores 29/06/2024 17h56 ‚Ä¢ Actualizado ha 8 meses por Leer mas scc10@scc.com.br Enviar por whatsapp Foto: CBMSC/Divulgaci√≥n Este s√°bado por la ma√±ana (29), seis personas tuvieron que ser rescatadas despu√©s de que un velero quedara a la deriva en Balne√°rio Cambori√∫ (BC). Seg√∫n el Cuerpo de Bomberos Militares, la embarcaci√≥n choc√≥ contra las rocas del Laje dos Amores. Seg√∫n los bomberos, cuando el equipo lleg√≥ al lugar encontraron el velero que estaba a la deriva en Praia Brava en direcci√≥n a Canto do Morcego. La embarcaci√≥n, perteneciente a una escuela n√°utica, fue arrastrada por la corriente. De las seis personas que iban en la embarcaci√≥n, una era menor de edad. El buque Resgate 04 de Itaja√≠ fue activado, pero el apoyo fue cancelado porque lleg√≥ un buque de la Marina de Itaja√≠ para remolcar el velero. La tripulaci√≥n se dirigi√≥ a otra embarcaci√≥n que remolcaba hacia la Marina de Itaja√≠. Leer m√°s Gran incendio moviliza a los bomberos en Itaja√≠; ver imagenes Mujer es condenada por matar a su pareja con un mazo y un cuchillo en Joinville Gabrielzinho afronta otra batalla en la lucha por la recuperaci√≥n >> Para m√°s noticias, sigue¬† SCC10 ¬†no¬† Twitter ,¬† @Instagram ¬†e¬† Facebook . ¬øQuieres recibir novedades en tu WhatsApp? YO QUIERO Al ingresar usted es consciente y acepta las Terminos de uso e intimidad WhatsApp. Balne√°rio Cambori√∫ Velero velero a la deriva Mas leido SCC10 1 Mujer apu√±ala a rival hasta la muerte tras pelea por ex en S√£o Joaquim 2 Pelea generalizada en condominio deja heridos graves en Lages 3 Conductor ebrio huye tras atropellar a un ni√±o en Lages 4 Un motociclista de 21 a√±os muere tras ser decapitado por una l√≠nea de cerol en Carolina del Sur 5 Un grave accidente mata a una persona y deja un coche en pedazos en Carolina del Sur Enviar por whatsapp V√©ase tambi√©n La ciudad de SC puede alcanzar una sensaci√≥n t√©rmica de 50¬∞C Sol, alegr√≠a y premios sacudieron la Arena Farofa SCC SBT en Balne√°rio Cambori√∫ Balneario Cambori√∫ es el pr√≥ximo destino del Arena Farofa SCC SBT; ver detalles Empresario fue asesinado con 18 disparos al salir de un gimnasio en Balne√°rio Cambori√∫ Acci√≥n busca concientizar a los ni√±os sobre la reducci√≥n de basura en las playas de Carolina del Sur Arena Farofa SCC SBT retoma programaci√≥n la pr√≥xima semana; comprobar las fechas 'Vienen m√°s lluvias', dice el gobernador Jorginho Mello sobre las tormentas en SC Balne√°rio Cambori√∫ cierra unidades de salud tras fuertes lluvias en la ciudad Recibir NOTICIAS ¬øPuedo ayudar? √ó Este sitio est√° protegido por reCAPTCHA y Google. Pol√≠tica de Privacidad e T√©rminos de servicio aplicar. Seguir en las redes sociales √ó Utilizamos cookies y tecnolog√≠as similares para mejorar su experiencia de navegaci√≥n. Al continuar navegando aceptas nuestras Pol√≠tica de privacidad. OK Gestionar consentimiento Fechar Descripci√≥n general de privacidad Este sitio web utiliza cookies para mejorar su experiencia mientra"
"output/pdfs-2024/sDVMNhPi1725399013.pdf","https://goo.su/NYJswT","[Source: www.martinoticias.com] Guardia Costera de EEUU rescata a 47 cubanos tras m√°s de una semana en el mar Enlaces de accesibilidad Ir al contenido principal Ir a la navegaci√≥n principal Ir a la b√∫squeda siguiente Cerrar anterior siguiente This image contains sensitive content which some people may find offensive or disturbing. Click to reveal Print Options: Images Multimedia Embedded Content Comments Cancelar Print Link has been copied to clipboard Cuba Cuba Derechos Humanos Econom√≠a Contra la censura Estados Unidos Am√©rica Latina Am√©rica Latina Venezuela Inmigraci√≥n Mundo Deportes Arte y Entretenimiento Opini√≥n Gr√°fica Audiovisuales Mart√≠ Radio Mart√≠ Especiales Especiales La realidad de la vivienda en Cuba Ser viejo en Cuba Kentu-Cubano Los Santos de Hialeah #ContraDesinformaci√≥nRusa Desinformaci√≥n rusa en Am√©rica Latina La invasi√≥n de Rusia a Ucrania Multimedia Editoriales S√≠guenos Buscar EN VIVO EN VIVO Buscar anterior siguiente Breaking News Inmigraci√≥n Guardia Costera de EEUU rescata a 47 cubanos tras m√°s de una semana en el mar diciembre 13, 2023 Redacci√≥n Mart√≠ Noticias La embarcaci√≥n con 47 cubanos a bordo momentos antes del rescate. (@CBPAMORegDirSE) Compartir Guardia Costera de EEUU rescata a 47 cubanos tras m√°s de una semana en el mar share Ver comentarios Print Un grupo de 47 balseros cubanos fue rescatado el martes por las autoridades de EEUU al sur de Isla Morada tras permanecer m√°s de una semana en el mar pidiendo auxilio, seg√∫n un comunicado del Departamento de Aduanas y Protecci√≥n Fronteriza (CBP). Los cubanos, que desplegaron una bandera blanca de S.O.S en la embarcaci√≥n, dijeron a los rescatistas de Operaciones Mar√≠timas y A√©reas de la Guardia Costera que hab√≠an salido de Matanzas 8 d√≠as atr√°s. Las autoridades estadounidenses han reiterado en m√∫ltiples ocasiones que los migrantes interceptados en su intento de desembarcar de forma irregular en el pa√≠s ser√°n repatriados, y no podr√°n optar por opciones migratorias legales como el parole humanitario. El √©xodo de cubanos, tanto por v√≠a mar√≠tima como por la frontera sur de EEUU, se ha mantenido pese a las medidas de la actual Administraci√≥n de Joe Biden por frenar el flujo de migrantes. M√°s de 18 mil cubanos arribaron a diferentes puntos fronterizos de EEUU en el pasado mes de octubre, seg√∫n datos del CBP; es la cifra m√°s alta reportada en los √∫ltimos 10 meses. El n√∫mero de balseros cubanos interceptados en el pasado a√±o fiscal por la Guardia Costera de EEUU super√≥ los 7 mil. En noviembre pasado, Estados Unidos y Cuba sostuvieron en La Habana otra ronda de conversaciones migratorias. En la reuni√≥n, EEUU subray√≥ ""los obst√°culos que dificultan el cumplimiento de los objetivos de los Acuerdos‚Äù migratorios entre ambos pa√≠eses, mientras Cuba reiter√≥ que la ola migratoria es generada por ‚Äúlas medidas de est√≠mulo a la migraci√≥n irregular que se mantienen vigentes por decisi√≥n pol√≠tica del gobierno estadounidense‚Äù, y el ""bloqueo econ√≥mico"", en referencia al embargo impuesto a la isla por el pa√≠s vecino. Foro Please enable JavaScript to view the comments powered by Disqus. Relacionados Info Mart√≠ | Contin√∫an las deportaciones y repatriaciones a Cuba EEUU devuelve a la isla a 17 balseros cubanos Alrededor de 100 migrantes retornados a Cuba en una semana EEUU y Cuba discutir√°n asuntos migratorios el 14 de noviembre en La Habana Cifra de balseros cubanos en pasado a√±o fiscal supera los siete mil Cuba Detienen durante horas e impiden asistir a misa a F√©lix Navarro y su esposa Santeras cubanas hacen ceremonia ""para que el papa Francisco se salve"" Muere en un accidente de tr√°nsito el cantante cubano Paulo FG Obispos de Cuba animan a cat√≥licos de la isla a rezar por el Papa Francisco ""Esto es esclavitud"", lo que esconden las multimillonarias ganancias de Habanos S.A. M√°s de Cuba ‚Äã S√≠guenos Sobre Mart√≠ Noticias Nuestra misi√≥n Nuestras normas period√≠sticas Normas del sitio Ayuda para b√∫squeda Servicios Boletines Podcast RSS App de Mart√≠ Noticias Mart√≠ Noticias| 2025 | OCB | Todos los derechos reservados. XS SM MD LG"
"output/pdfs-2024/sDVMNhPi1725399013.pdf","https://goo.su/i11gTT","[Source: www.dicapi.mil.pe] DICAPI - Direcci√≥n General de Capitan√≠as y Guardacostas Organization Historical Review Mission & Vision Organizational Chart General Director Executive Director Technical Supervisor Directions General Direction Aquatic Activities Control Aquatic Environment International Affairs & OMI Coast Guard Operations Maritime Administration Inspections, Audits, and Supervisions Department TUPAM Procedures Regulatory Framework Consultations IFC LATAM PERU es Espa√±ol Ingl√©s √öltimas publicaciones √öltimas Publicaciones Correo Web Intranet DICAPI Acceso a Geoportal Correo Web Acceso a Geoportal Home Organization Historical Review Mission & Vision Organizational Chart General Director Executive Director Technical Supervisor Directions General Direction Aquatic Activities Control Aquatic Environment International Affairs & OMI Coast Guard Operations Maritime Administration Inspections, Audits, and Supervisions Department TUPAM Procedures Regulatory Framework Consultations IFC LATAM PERU Organization Historical Review Mission & Vision Organizational Chart General Director Executive Director Technical Supervisor Contact Us Address Constitution St. 150, Callao Digital Office 24 Hours In-person office: 08:00 am - 4:00 pm Telephone 012099300, Extension: 6862 MGP - DICAPI - 2025"
"output/pdfs-2024/sDVMNhPi1725399013.pdf","https://goo.su/hX87Fl","[Source: www.dicapi.mil.pe] DICAPI - Direcci√≥n General de Capitan√≠as y Guardacostas Organization Historical Review Mission & Vision Organizational Chart General Director Executive Director Technical Supervisor Directions General Direction Aquatic Activities Control Aquatic Environment International Affairs & OMI Coast Guard Operations Maritime Administration Inspections, Audits, and Supervisions Department TUPAM Procedures Regulatory Framework Consultations IFC LATAM PERU es Espa√±ol Ingl√©s √öltimas publicaciones √öltimas Publicaciones Correo Web Intranet DICAPI Acceso a Geoportal Correo Web Acceso a Geoportal Home Organization Historical Review Mission & Vision Organizational Chart General Director Executive Director Technical Supervisor Directions General Direction Aquatic Activities Control Aquatic Environment International Affairs & OMI Coast Guard Operations Maritime Administration Inspections, Audits, and Supervisions Department TUPAM Procedures Regulatory Framework Consultations IFC LATAM PERU Organization Historical Review Mission & Vision Organizational Chart General Director Executive Director Technical Supervisor Contact Us Address Constitution St. 150, Callao Digital Office 24 Hours In-person office: 08:00 am - 4:00 pm Telephone 012099300, Extension: 6862 MGP - DICAPI - 2025"
"output/pdfs-2024/sDVMNhPi1725399013.pdf","https://goo.su/K66IXUs","[Source: www.dicapi.mil.pe] DICAPI - Direcci√≥n General de Capitan√≠as y Guardacostas Organization Historical Review Mission & Vision Organizational Chart General Director Executive Director Technical Supervisor Directions General Direction Aquatic Activities Control Aquatic Environment International Affairs & OMI Coast Guard Operations Maritime Administration Inspections, Audits, and Supervisions Department TUPAM Procedures Regulatory Framework Consultations IFC LATAM PERU es Espa√±ol Ingl√©s √öltimas publicaciones √öltimas Publicaciones Correo Web Intranet DICAPI Acceso a Geoportal Correo Web Acceso a Geoportal Home Organization Historical Review Mission & Vision Organizational Chart General Director Executive Director Technical Supervisor Directions General Direction Aquatic Activities Control Aquatic Environment International Affairs & OMI Coast Guard Operations Maritime Administration Inspections, Audits, and Supervisions Department TUPAM Procedures Regulatory Framework Consultations IFC LATAM PERU Organization Historical Review Mission & Vision Organizational Chart General Director Executive Director Technical Supervisor Contact Us Address Constitution St. 150, Callao Digital Office 24 Hours In-person office: 08:00 am - 4:00 pm Telephone 012099300, Extension: 6862 MGP - DICAPI - 2025"
"output/pdfs-2024/sDVMNhPi1725399013.pdf","https://goo.su/6isw1a","[Source: m.facebook.com] Culmin√≥ con √©xito la... - Fuerzas Militares de Colombia | Facebook This browser is not supported Use Facebook app tap to use a supported browser Safari Chrome"
"output/pdfs-2024/sDVMNhPi1725399013.pdf","https://goo.su/EzeUkm","[Source: x.com] JavaScript is not available. We‚Äôve detected that JavaScript is disabled in this browser. Please enable JavaScript or switch to a supported browser to continue using x.com. You can see a list of supported browsers in our Help Center. Help Center Terms of Service Privacy Policy Cookie Policy Imprint Ads info ¬© 2025 X Corp. Something went wrong, but don‚Äôt fret ‚Äî let‚Äôs give it another shot. Try again Some privacy related extensions may cause issues on x.com. Please disable them and try again."
"output/pdfs-2024/8pImmpCk1727196591.pdf","https://goo.su/sSUT4F","[Source: www.dicapi.mil.pe] DICAPI - Direcci√≥n General de Capitan√≠as y Guardacostas Organization Historical Review Mission & Vision Organizational Chart General Director Executive Director Technical Supervisor Directions General Direction Aquatic Activities Control Aquatic Environment International Affairs & OMI Coast Guard Operations Maritime Administration Inspections, Audits, and Supervisions Department TUPAM Procedures Regulatory Framework Consultations IFC LATAM PERU es Espa√±ol Ingl√©s √öltimas publicaciones √öltimas Publicaciones Correo Web Intranet DICAPI Acceso a Geoportal Correo Web Acceso a Geoportal Home Organization Historical Review Mission & Vision Organizational Chart General Director Executive Director Technical Supervisor Directions General Direction Aquatic Activities Control Aquatic Environment International Affairs & OMI Coast Guard Operations Maritime Administration Inspections, Audits, and Supervisions Department TUPAM Procedures Regulatory Framework Consultations IFC LATAM PERU Organization Historical Review Mission & Vision Organizational Chart General Director Executive Director Technical Supervisor Contact Us Address Constitution St. 150, Callao Digital Office 24 Hours In-person office: 08:00 am - 4:00 pm Telephone 012099300, Extension: 6862 MGP - DICAPI - 2025"
"output/pdfs-2024/8pImmpCk1727196591.pdf","https://goo.su/J6Yvn","Error: HTTP 400"
"output/pdfs-2024/xkhxZUu71733150495.pdf","https://goo.su/mXivCm","[Source: lasillarota.com] As√É¬≠ fue el decomiso de casi 1 tonelada de marihuana en el puerto de Veracruz | La Silla Rota Menu Jueves¬†9 de enero de 2025 Principales Municipios Veracruz Xalapa Reportajes Vida Opini√É¬≥n Principales Municipios Veracruz Xalapa Reportajes Vida Opini√É¬≥n Principales Municipios Veracruz Xalapa Reportajes Vida Opini√É¬≥n ‚í∏ 2025 Todos los derechos reservados. Grupo La Silla Rota. PUBLICACIONES COMUNITARIAS S.A. de C.V. GOLPE AL NARCOTR√É¬ÅFICO As√É¬≠ fue el decomiso de casi 1 tonelada de marihuana en el puerto de Veracruz En el puerto de Veracruz se han realizado varios decomisos de grandes cantidades de droga durante este a√É¬±o. Te decimos c√É¬≥mo intentaron esconder la marihuana en un cargamento dentro de un barco Decomiso de mota en Veracruz. Cr√É¬©ditos: Secretar√É¬≠a de Marina Por MARA LOPEZ Escrito en VERACRUZ el 24/10/2024 ¬∑ 17:08 hs √É¬öltima actualizaci√É¬≥n: 24/10/2024 ¬∑ 17:09 hs Comparta este art√É¬≠culo VERACRUZ , VER.- Este jueves 24 de octubre, la Secretar√É¬≠a de Armada de M√É¬©xico comunic√É¬≥ que personal de la Tercera Regi√É¬≥n Naval hab√É¬≠a impedido la exportaci√É¬≥n de, aproximadamente, 985.706 kilogramos de presunta marihuana. Seg√É¬∫n el comunicado, esta operaci√É¬≥n se realiz√É¬≥ en conjunto con la Aduana Mar√É¬≠tima de Veracruz durante una inspecci√É¬≥n de rutina. Los m√É¬°s de 985 kilogramos de marihuana se encontraban ocultos dentro de placas onduladas tipo teja, mejor conocidas como plastiteja . Te podr√É¬≠a interesar inundaciones As√É¬≠ se ven las inundaciones del sur de Veracruz desde un sat√É¬©lite seguridad En operativo, decomisan dos camionetas cerca de departamento con arsenal en Boca del R√É¬≠o Estas tejas plastificadas se hallaban en pallets de exportaci√É¬≥n, por lo que informaron a la Fiscal√É¬≠a General de la Rep√É¬∫blica (FGR) quienes abrieron los contenedores y desarmaron los pallets, en donde encontraron los bloques de materia org√É¬°nica compactada, con caracter√É¬≠sticas de marihuana , por lo que pusieron la presunta droga a disposici√É¬≥n de las autoridades competentes para iniciar con las investigaciones correspondientes. √É¬öNETE A NUESTRO CANAL DE WHASTAPP Y RECIBE LA INFORMACI√É¬ìN M√É¬ÅS IMPORTANTE DE VERACRUZ Otros decomisos de droga en el puerto de Veracruz Durante la media noche del 22 de junio, elementos de la Secretar√É¬≠a de Marina aseguraron un departamento en el fraccionamiento Costa de Oro , en la ciudad de Boca del R√É¬≠o , donde decomisaron m√É¬°s de 200 armas largas. Adem√É¬°s de esto, en el departamento ubicado en la calle Ballena, entre las calles Peto y el Bulevar Manuel √É¬Åvila Camacho, se encontraron bolsas con una sustancia blanca y cristalina, otras de color blanco, otras de color rosa y otra de una sustancia blanca y cristalina , as√É¬≠ como 14,979 cartuchos √É¬∫tiles de diversos calibres. Un mes despu√É¬©s, autoridades de la Aduana Mar√É¬≠tima aseguraron un cargamento de m√É¬°s de 6 toneladas de marihuana en un contenedor. De acuerdo con las investigaciones, este contenedor pretend√É¬≠a ser enviado a Rep√É¬∫blica Dominicana. En su interior, se contabilizaron 3,333 paquetes de marihuana que estaban envueltos en cinta canela dentro de una carga de puertas, las cuales quedaron a disposici√É¬≥n de la FGR. mb Temas decomiso de droga Veracruz puerto Google News √Ç¬°Suscr√É¬≠bete a nuestras notificaciones para recibir las √É¬∫ltimas noticias y actualizaciones! √Ç¬°Suscr√É¬≠bete a nuestras notificaciones para recibir las √É¬∫ltimas noticias y actualizaciones! M√É¬°s Noticias Mas Noticias Mas Noticias Su M√É¬©dico Cargando Ops! Mas Noticias Aviso de privacidad C√É¬≥digo de √É¬©tica Directorio Qui√É¬©nes somos Cont√É¬°ctanos An√É¬∫nciate √Ç¬© 2025 Todos los derechos reservados. Grupo La Silla Rota. PUBLICACIONES COMUNITARIAS S.A. de C.V. De no existir previa autorizaci√É¬≥n, queda expresamente prohibida la publicaci√É¬≥n, retransmisi√É¬≥n, edici√É¬≥n y cualquier otro uso de los contenidos. Desarrollado por <!-- DB:9/1/2025 13:05:54 --!>"
"output/pdfs-2024/xkhxZUu71733150495.pdf","https://goo.su/SZMCOB4","[Source: x.com] JavaScript is not available. We‚Äôve detected that JavaScript is disabled in this browser. Please enable JavaScript or switch to a supported browser to continue using x.com. You can see a list of supported browsers in our Help Center. Help Center Terms of Service Privacy Policy Cookie Policy Imprint Ads info ¬© 2025 X Corp. Something went wrong, but don‚Äôt fret ‚Äî let‚Äôs give it another shot. Try again Some privacy related extensions may cause issues on x.com. Please disable them and try again."
"output/pdfs-2024/xkhxZUu71733150495.pdf","https://goo.su/zL1JU","[Source: goo.su] Redirecting Redirecting... Please wait"
"output/pdfs-2024/xkhxZUu71733150495.pdf","https://goo.su/BSqO0WX","[Source: goo.su] Redirecting Redirecting... Please wait"
"output/pdfs-2024/xkhxZUu71733150495.pdf","https://goo.su/mkZTuX","[Source: elnuevodiario.com.do] Ocupan 371 paquetes de presunta coca√≠na en SPM y Puerto Caucedo ‚Äì El Nuevo Diario (Rep√∫blica Dominicana) Cont√°ctos Impreso Quienes Somos Santo Domingo 23 / 31 Soleado ENV√çA TUS DENUNCIAS 829-917-7231 / 809-866-3480 3 de marzo 2025 Noticias Editorial Nacionales Denuncias Opini√≥n Toga Buenas Noticias Pol√≠tica Sostenibilidad Econom√≠a Deportes Novedades Mundo Otaku Internacionales Salud Viral Sociales Medio Ambiente Sabores New York END TV Santiago TV PodCast Documentales Edici√≥n Impresa Noticias Editorial Nacionales Denuncias Opini√≥n Toga Buenas Noticias Pol√≠tica Sostenibilidad Econom√≠a Deportes Novedades Mundo Otaku Internacionales Salud Viral Sociales Medio Ambiente Sabores New York END TV Santiago TV PodCast Documentales Edici√≥n Impresa 3 min de lectura Toga Ocupan 371 paquetes de presunta coca√≠na en SPM y Puerto Caucedo Por El Nuevo Diario Compartir: Actualizada el jueves, 24 de octubre 2024 | 2:25 pm jueves, 24 de octubre 2024 | 3:07 pm Presunta coca√≠na ocupadas en SPM y Puerto Caucedo (Foto: Fuente externa) Compartir: EL NUEVO DIARIO, SANTO DOMINGO.- Agentes de la Direcci√≥n Nacional de Control de Drogas (DNCD) incautaron 371 paquetes presumiblemente coca√≠na, en dos operaciones simult√°neas desarrolladas en San Pedro de Macor√≠s y el Puerto Multimodal Caucedo, municipio Boca Chica. En una primera intervenci√≥n, unidades a√©reas, mar√≠timas y terrestres, integrada por efectivos de la Armada de Rep√∫blica Dominicana (ARD) y la Fuerza A√©rea (FARD), coordinados por el Ministerio P√∫blico, luego de recibir informes de inteligencia, montaron un amplio operativo de persecuci√≥n, al sur de las costas de la provincia de San Pedro de Macor√≠s, donde localizaron una embarcaci√≥n al garete de unos 30 pies de eslora, con dos motores fuera de borda de 50 caballos de fuerza cada uno. Al intervenir la lancha (tipo Go Fast), se incautaron en su interior, 11 pacas conteniendo un total de 304 paquetes de la sustancia que se presume es coca√≠na, as√≠ como 22 garrafones de combustibles, 02 radios de comunicaci√≥n con sus bater√≠as, lonas, una neverita, agua, entre otras evidencias, detalla una nota de prensa enviada este jueves. Presunta drogas ocupadas en SPM y Puerto Caucedo (Foto: Fuente externa) Se inform√≥ que equipos t√°cticos y de reacci√≥n, mantienen un amplio operativo de b√∫squeda y rastreo en toda la zona, para localizar a los individuos que intentaron introducir el cargamento a territorio dominicano. La DNCD destac√≥ el firme apoyo del Gobierno Central, la Procuradur√≠a General de la Rep√∫blica, las Fuerzas Armadas y agencias de Inteligencia del Estado, as√≠ como la cooperaci√≥n internacional, lo que ha sido clave para seguir asestando importantes golpes a las estructuras criminales. Decomiso en Puerto Caucedo En un segundo operativo, desarrollado en el Puerto Multimodal de Caucedo, los agentes de la DNCD, apoyados por la Seguridad Militar de esa terminal, daban seguimiento al conductor de un cami√≥n, que seg√∫n informes intentar√≠a introducir al puerto, una cantidad indeterminada de sustancias controladas. Cami√≥n retenido en Puerto Caucedo (Foto: Fuente externa) Al inspeccionar el veh√≠culo, los agentes y militares actuantes, detectaron a trav√©s de la m√°quina de rayos X, im√°genes discrepantes en la cabina, lo que aprovech√≥ el chofer para continuar la marcha y dejar abandonado el veh√≠culo pr√≥ximo a la entrada del puerto de Caucedo. Posteriormente, por instrucciones del fiscal, se realiz√≥ una inspecci√≥n dentro del cami√≥n, donde se encontr√≥ un compartimiento secreto en la parte de la cabina, en cuyo interior se incautaron dos bultos y un saco, con 67 paquetes de presunta coca√≠na, forrados con cinta adhesiva y distintos logos. Las autoridades activan la localizaci√≥n del conductor del cami√≥n quien ya ha sido identificado, para ser investigado en relaci√≥n a la frustrada operaci√≥n de narcotr√°fico internacional. Resumen diario de noticias Recibe en tu correo las noticias m√°s importantes del d√≠a /* real people should not fill this in and expect good things - do not remove this or risk form bot signups */ En total en ambas operaciones, los organismos oficiales, confiscaron un total de 371 paquetes presumiblemente coca√≠na, los cuales fueron enviados bajo cadena de custodia al Instituto Nacional de Ciencias Forenses (Inacif) para determinar el tipo y peso exacto de la sustancia. Relacionado Secci√≥n Portada , Toga Tagged Armada , DNCD , Drogas , Fuerza A√©rea LAS M√ÅS LE√çDAS Militares del Cesfront detienen a hombre con m√°s de 150 mil d√≥lares en Jiman√≠ Lisandro Jos√© Macarrulla encabeza inauguraciones de su fundaci√≥n FOMCAE Abinader dispone ascenso a m√°s 4,800 agentes de PN; entre ellos 50 al rango de coronel Melkis D√≠az dise√±a nueva imagen de la Polic√≠a Nacional (VIDEO) Hombre detenido por el Cesfront aclara es empresario y que ya le devolvieron su dinero SECCIONES Editorial Nacionales Toga Buenas Noticias Denuncias Pol√≠tica Econom√≠a Novedades Opini√≥n Deportes Salud Internacionales New York Medio Ambiente Sabores Viral Sociales EL NUEVO DIARIO Cont√°ctos Q"
"output/pdfs-2024/xkhxZUu71733150495.pdf","https://goo.su/VLWnId","[Source: www.instagram.com] Mas Eldorado | El hecho se dio cuando los efectivos de la Fuerza, gracias a una investigaci√≥n previa, detectaron una embarcaci√≥n proveniente de #Paraguay,... | Instagram"
"output/pdfs-2024/xkhxZUu71733150495.pdf","https://goo.su/PQ8fIMA","[Source: www.infobae.com] Armada incaut√≥ 54 kilos de coca√≠na en buque de carga en puerto de Barranquilla: la droga iba para Turqu√≠a - Infobae 3 Mar, 2025 Buscar en todo el sitio Argentina Espa√±a M√©xico Per√∫ Mundo Venezuela The economist The Washington Post Realeza Opini√≥n √öltimas Noticias Entretenimiento Deportes Violencia Cultura Qu√© puedo ver Tendencias Podcasts Malditos Nerds Salud Tecno ; Bienvenido Por favor, ingresa a tu cuenta. REGISTRARME INICIAR SESI√ìN Colombia √öltimas Noticias Violencia Econom√≠a Entretenimiento Colombia Armada incaut√≥ 54 kilos de coca√≠na en buque de carga en puerto de Barranquilla: la droga iba para Turqu√≠a La mercanc√≠a ilegal estaba avaluada en cerca de dos millones de d√≥lares Por Jhon Bernal 27 Oct, 2024 08:17 a.m. EST Guardar El alcaloide estaba oculto en una de las escaleras de acceso a la embarcaci√≥n - cr√©dito Armada de Colombia En la noche del 26 de octubre, unidades de la Armada de Colombia lograron la incautaci√≥n de 54 kilogramos de clorhidrato de coca√≠na que se encontraba ocultos a bordo de un buque de carga en una de las terminales portuarias de Barranquilla. Seg√∫n el informe oficial, la autoridad naval mencion√≥ que la incautaci√≥n se ejecut√≥ ‚Äúcon un despliegue permanente de capacidades t√©cnicas y humanas que mantiene la Instituci√≥n Naval contra el delito transnacional del narcotr√°fico, y que en esta ocasi√≥n determinaron la posible contaminaci√≥n con alcaloides de una motonave de alto bordo en la capital atlanticense‚Äù. Ahora puede seguirnos en Facebook y en nuestro WhatsApp Channel . Incautaci√≥n De Coca√≠na En Buque En Puerto De Barranquilla - cr√©dito Armada de Colombia Tras recibir el reporte de los trabajadores y personas aleda√±as a la zona portuaria, una Unidad de Reacci√≥n R√°pida (URR) de la Estaci√≥n de Guardacostas de Barranquilla lleg√≥ al sitio, junto con un canino antiexplosivo, donde fue ubicado el alijo oculto en las escaleras de acceso a una de las bodegas de la motonave. ‚Äú Esa droga se encontraba oculta en una bodega junto a un tipo de carb√≥n denominado coque. Dicho estupefaciente pretend√≠a ser transportado a Turqu√≠a, pr√≥ximo destino del buque contaminado ‚Äù, explic√≥ el capit√°n de corbeta Juan Ricardo Orteg√≥n Vega, comandante de la Estaci√≥n de Guardacostas de Barranquilla. El alcaloide estaba avaluado en 1,8 millones de d√≥lares - cr√©dito Armada de Colombia Adicionalmente, la Armada inform√≥ que el cargamento ilegal fue desembarcado y trasladado a un puerto seguro, donde funcionarios del Cuerpo T√©cnico de Investigaci√≥n (CTI) de la Fiscal√≠a General de la Naci√≥n realizaron la prueba de Identificaci√≥n Preliminar Homologada, donde dio como positivo para clorhidrato de coca√≠na. ‚Äú Se estima que este alijo estar√≠a avaluado en aproximadamente 1,8 millones de d√≥lares en el mercado ilegal internacional ‚Äù, se√±al√≥ la autoridad naval en un comunicado. En esta operaci√≥n, no se reportaron personas capturadas, y el material incautado fue dejado a disposici√≥n de las autoridades competentes. ‚ÄúLa Armada de Colombia, a trav√©s de la Fuerza Naval del Caribe, ratifica su compromiso en la lucha contra el flagelo del narcotr√°fico e invita a la comunidad de usuarios del mar a denunciar ante las autoridades cualquier hecho sospechoso o criminal que ponga en riesgo la seguridad de las l√≠neas de comunicaci√≥n mar√≠timas de la regi√≥n‚Äù, concluy√≥ la Armada en el comunicado. Las 3,3 toneladas de coca√≠na estaban distribuidas en 135 bultos - cr√©dito @FNC_ArmadaCol/X M√°s de tres toneladas de coca√≠na incautadas en San Andr√©s Por otra parte, el Comando Espec√≠fico de San Andr√©s y Providencia de la Armada de Colombia asest√≥ un duro golpe al narcotr√°fico, con la incautaci√≥n de 3,3 toneladas de clorhidrato de coca√≠na que se transportaban en aguas del archipi√©lago. De acuerdo con el reporte oficial, la droga iba transportada en una lancha tipo Go Fast, que se movilizaba por la zona norte de la isla de San Andr√©s, donde se movilizaban cinco personas, dos de nacionales hondure√±a y tres de nacionalidad colombiana. ‚ÄúLuego de varias horas de seguimiento por mar y aire, lograron la interdicci√≥n exitosa de la embarcaci√≥n sospechosa. En el procedimiento de visita e inspecci√≥n fueron encontrados a bordo cinco sujetos (...) as√≠ como 135 bultos con paquetes rectangulares que, por su apariencia, se asemejaban a sustancias estupefacientes‚Äù, mencion√≥ la autoridad naval en un comunicado. Las 3,3 toneladas de coca√≠na incautadas est√°n avaluadas en 113 millones de d√≥lares - cr√©dito @FNC_ArmadaCol/X Tanto los cinco sujetos como el material incautado fue dejado a disposici√≥n de las autoridades competentes, quienes deber√°n responder por el delito de tr√°fico, fabricaci√≥n o porte de estupefacientes. ‚Äú Con esto, se afect√≥ el flagelo en m√°s de ocho millones de dosis que podr√≠an ser comercializadas en el mercado internacional y una afectaci√≥n a las econom√≠as il√≠citas en m√°s de 113 millones de d√≥lares ‚Äù, dijo el capit√°n de Nav√≠o, Andr√©s Alfonso P√©rez Hern√°ndez. La Armada de Colombia inform√≥ que continuar√° desplantado efectivos y haciendo esfuerzos para impedir de"
"output/pdfs-2024/xkhxZUu71733150495.pdf","https://goo.su/zWNHF","[Source: x.com] JavaScript is not available. We‚Äôve detected that JavaScript is disabled in this browser. Please enable JavaScript or switch to a supported browser to continue using x.com. You can see a list of supported browsers in our Help Center. Help Center Terms of Service Privacy Policy Cookie Policy Imprint Ads info ¬© 2025 X Corp. Something went wrong, but don‚Äôt fret ‚Äî let‚Äôs give it another shot. Try again Some privacy related extensions may cause issues on x.com. Please disable them and try again."
"output/pdfs-2024/xkhxZUu71733150495.pdf","https://goo.su/hKkHE","[Source: goo.su] Redirecting Redirecting... Please wait"
"output/pdfs-2024/xkhxZUu71733150495.pdf","https://goo.su/jL66z","[Source: www.eluniverso.com] Detectan m√°s de 87 kilos de droga en contenedores que iban a Espa√±a | Seguridad | Noticias | El Universo MEN√ö MEN√ö Inicia el a√±o mejor informado y m√°s conectado ¬°De vacaciones, pero siempre bien informado! Noticias Pol√≠tica Econom√≠a Internacional Ecuador Seguridad Informes NOTICIAS Publicidad Ediciones: Guayaquil Quito Tendencias: Resultados de las elecciones Elecciones en Ecuador Partidos de hoy Gastos personales Agenda Seguridad Seguridad Detectan m√°s de 87 kilos de droga en contenedores que iban a Espa√±a Los estupefacientes estar√≠an valorados en $ 3 millones en mercados internacionales. NOTAS RELACIONADAS Cuatro detenidos, entre ellos tres adolescentes, con dosis de droga en Cristo del Consuelo En balones de f√∫tbol hallan droga que iba a enviarse al extranjero S√≠guenos en WhatsApp En contenedores se hall√≥ droga que iba a Europa. Publicidad 27 de octubre, 2024 - 09h56 Tras una inspecci√≥n realizada a dos contenedores, la Polic√≠a detect√≥ m√°s de 87 kilos de droga. Redacci√≥n eluniversocom Recibe las noticias de El Universo desde Google News Publicidad Seguridad Drogas Drogadicci√≥n Delitos Espa√±a Operativos policiales Polic√≠a Nacional Publicidad Contenidos relacionados As√≠ deber√° conformarse la comisi√≥n interinstitucional para enfrentar la inseguridad que dispuso la Corte Constitucional ‚ÄòLos polic√≠as lucharemos hasta el √∫ltimo aliento contra las organizaciones criminales‚Äô, dicen en despedida de agente muerto en enfrentamiento ¬øEstar√≠a de acuerdo con el ingreso de fuerzas especiales extranjeras para combatir el crimen en Ecuador? (O) John Reimberg, ministro del Interior: ‚ÄòVamos por las cabezas de las bandas y sus gatilleros‚Äô Polic√≠a muri√≥ durante persecuci√≥n de presuntos sicarios en Esmeraldas Matan a cuatro hombres en una barber√≠a de Dur√°n Lo √∫ltimo en Seguridad Gobierno firma convenio con el IESS para beneficiar a polic√≠as en Playas Presunto cabecilla de Los √Åguilas, que opera en el sector de Virgen de F√°tima, fue capturado durante rescate de secuestrados Hallazgo de presunto explosivo gener√≥ zozobra en el suburbio de Guayaquil Mujer fue asesinada mientras esperaba el retiro de un cad√°ver frente al centro forense de Esmeraldas Despliegue policial en Posorja y Playas para combatir estructuras criminales Tres reos muertos y siete con s√≠ntomas de posible intoxicaci√≥n en la c√°rcel de Machala Publicidad Comparte este art√≠culo S√≠guenos en WhatsApp ¬øTienes alguna sugerencia de tema, comentario o encontraste un error en esta nota? Rep√≥rtalo a la redacci√≥n Publicidad Lo √∫ltimo en Noticias Hermanas recuperan mochila del padre andinista muerto en volc√°n argentino hace 40 a√±os Gobierno firma convenio con el IESS para beneficiar a polic√≠as en Playas Empresa del consorcio Sinopetrol confirma adjudicaci√≥n del contrato de participaci√≥n del campo Sacha Donald Trump est√° abierto a un pacto comercial con Argentina y califica a Javier Milei de ‚Äògran l√≠der‚Äô As√≠ deber√° conformarse la comisi√≥n interinstitucional para enfrentar la inseguridad que dispuso la Corte Constitucional Publicidad Publicidad Lo √∫ltimo Salud Belleza ¬øC√≥mo reparar las u√±as despu√©s de usar esmaltes de gel? Dermat√≥loga revela un plan para recuperar las u√±as blandas y quebradizas Usar esmaltes de gel puede hacer que tus manos luzcan m√°s agradables, pero cuidado porque puede debilitar tus u√±as y necesitar√°s una rutina para fortalecerlas hace 4 minutos ‚ÄòLa Tri necesita un candado‚Äô, la indirecta de Pedro Ortiz a Sebasti√°n Beccacece, t√©cnico de Ecuador hace 11 minutos Zoe Salda√±a defiende ‚ÄòEmilia P√©rez‚Äô tras su victoria en el √ìscar 2025: ‚ÄúEl coraz√≥n de la pel√≠cula no es M√©xico‚Äù hace 12 minutos Hermanas recuperan mochila del padre andinista muerto en volc√°n argentino hace 40 a√±os hace 28 minutos ‚ÄòEsa hambre de jugar y sacar mi mejor versi√≥n me tiene aqu√≠‚Äô, dice Djorkaeff Reasco sobre su traspaso a El Nacional hace 33 minutos Gobierno firma convenio con el IESS para beneficiar a polic√≠as en Playas hace 37 minutos Publicidad Portada Lo √öltimo Noticias Opini√≥n Guayaquil Marcador Entretenimiento La Revista Juegos Tienda Compa√±√≠a Trabaja con nosotros Qui√©nes somos C√≥digo deontol√≥gico Ayuda / Asistencia Cont√°ctenos Suscripciones Publicidad Nuestras marcas Quiosco Digital El Universo Full Clasificados El Club Tienda El Universo ¬© 2025 C.A. EL UNIVERSO. Todos los derechos reservados Pol√≠ticas de privacidad Seg√∫n el Art. 60 de la Ley Org√°nica de Comunicaci√≥n, los contenidos se identifican y clasifican en: (I), informativos; (O), de opini√≥n; (F), formativos/educativos/culturales; (E), entretenimiento; y (D), deportivos"
"output/pdfs-2024/xkhxZUu71733150495.pdf","https://goo.su/NsoqO5","[Source: www.diariodigital.com.do] Informaci√≥n de inteligencia lleva a la incautaci√≥n de 371 paquetes de coca√≠na - DiarioDigitalRD lunes, marzo 3, 2025 Inicio Sobre DiarioDigitalRD Inicio Actualidad Destacadas Educaci√≥n Medio Ambiente Noticias Pol√≠tica Provincias Salud Seguridad P√∫blica Turismo Mundiales Globales Am√©rica Latina El Caribe Espa√±a-Europa Estados Unidos Entretenimiento Espect√°culos y Cultura Cine y TV Far√°ndula Musica Literatura Econom√≠a Econom√≠a & Finanzas Empresariales Inmobiliarias Deportes Baloncesto B√©isbol F√∫tbol M√°s deportes Ciencia Novedades Tecnolog√≠a Galer√≠a de Videos Sociales Las Sociales Moda y Belleza Opini√≥n Columnistas Carta del Lector Sin resultados Ver todos los resultados Inicio Actualidad Destacadas Educaci√≥n Medio Ambiente Noticias Pol√≠tica Provincias Salud Seguridad P√∫blica Turismo Mundiales Globales Am√©rica Latina El Caribe Espa√±a-Europa Estados Unidos Entretenimiento Espect√°culos y Cultura Cine y TV Far√°ndula Musica Literatura Econom√≠a Econom√≠a & Finanzas Empresariales Inmobiliarias Deportes Baloncesto B√©isbol F√∫tbol M√°s deportes Ciencia Novedades Tecnolog√≠a Galer√≠a de Videos Sociales Las Sociales Moda y Belleza Opini√≥n Columnistas Carta del Lector Sin resultados Ver todos los resultados Sin resultados Ver todos los resultados Portada Actualidad Informaci√≥n de inteligencia lleva a la incautaci√≥n de 371 paquetes de coca√≠na por DiarioDigitalRD octubre 24, 2024 en Actualidad , Seguridad P√∫blica 0 Dos operativos resultaron en la incautaci√≥n de 371 paquetes de presunta coca√≠na en San Pedro de Macor√≠s y el Puerto Multimodal Caucedo. 0 COMPARTIDOS 0 VISTAS Comparte en Facebook Comparte en Twitter Comparte en Whatsapp Dos operativos fueron ejecutados en San Pedro de Macor√≠s y el Puerto Multimodal Caucedo. Santo Domingo.- En un esfuerzo sin precedentes, la Direcci√≥n Nacional de Control de Drogas (DNCD), junto con la Armada de la Rep√∫blica Dominicana y la Fuerza A√©rea, ha realizado una serie de operativos que resultaron en la incautaci√≥n de 371 paquetes de presunta coca√≠na. Esta acci√≥n coordinada, bajo la supervisi√≥n del Ministerio P√∫blico, se llev√≥ a cabo en San Pedro de Macor√≠s y el Puerto Multimodal Caucedo. En la primera intervenci√≥n, las fuerzas de seguridad, tras recibir informaci√≥n de inteligencia, llevaron a cabo un extenso operativo que culmin√≥ en la detecci√≥n de una embarcaci√≥n de aproximadamente 30 pies, equipada con dos potentes motores fuera de borda. Al intervenir la lancha (tipo Go Fast), se incautaron en su interior, 11 pacas conteniendo un total de 304 paquetes de la sustancia que se presume es coca√≠na, as√≠ como 22 garrafones de combustibles, 02 radios de comunicaci√≥n con sus bater√≠as, lonas, una neverita, agua, entre otras evidencias. Al sur de las costas de la provincia de San Pedro de Macor√≠s, fue donde¬† se localiz√≥ la embarcaci√≥n al garete de unos 30 pies de eslora, con dos motores fuera de borda de 50 caballos de fuerza cada uno. En estos momentos, equipos t√°cticos y de reacci√≥n, mantienen un amplio operativo de b√∫squeda y rastreo en toda la zona, para localizar a los individuos que intentaron introducir el cargamento a territorio dominicano. Incautaci√≥n en Puerto Caucedo En una segunda operaci√≥n en el Puerto Multimodal Caucedo, las autoridades detectaron un cami√≥n sospechoso, donde, tras una inspecci√≥n con rayos X, se hallaron 67 paquetes de coca√≠na en un compartimiento oculto. Seg√∫n informes se intentar√≠a introducir al puerto, una cantidad indeterminada de sustancias controladas. Al inspeccionar el veh√≠culo, los agentes y militares actuantes, detectaron a trav√©s de la m√°quina de rayos X, im√°genes discrepantes en la cabina, lo que aprovech√≥ el chofer para continuar la marcha y dejar abandonado el veh√≠culo pr√≥ximo a la entrada del puerto de Caucedo. Posteriormente, por instrucciones del fiscal, se realiz√≥ una inspecci√≥n dentro del cami√≥n, donde se encontr√≥ un compartimiento secreto en la parte de la cabina, en cuyo interior se incautaron dos bultos y un saco, con 67 paquetes de presunta coca√≠na, forrados con cinta adhesiva y distintos logos. El conductor del veh√≠culo, que logr√≥ escapar, ha sido identificado y est√° siendo buscado para responder ante la ley. Etiquetas: Operativo Antinarc√≥ticos Articulo Anterior PLD lanza alerta por designaci√≥n de Carlos Pimentel en Alianzas P√∫blico-Privadas Siguiente Articulo Abinader y la proclama de nueva Constituci√≥n Siguiente Articulo Abinader y la proclama de nueva Constituci√≥n ADVERTISEMENT Facebook Twitter Sobre Diario Digital RD Diario DigitalRD, fundado el 16 de enero del 2006, es propiedad de Editora Diario Digital SRL, una compa√±√≠a formalmente constituida en Republica Dominicana. Escr√≠benos a [email¬†protected] Secciones Actualidad Deportes Espect√°culos & Cultura Econom√≠a & Finanzas Globales Sociales Tecnolog√≠a Opiniones Opini√≥n Columnas Columnistas Carta del Lector La esquina del Poeta Sin resultados Ver todos los resultados Inicio Actualidad Destacadas Educaci√≥n Medio Ambiente Noticias Pol√≠tica Provincias Salud Seguridad P√∫blica Turismo Mundiales Glob"
"output/pdfs-2024/xkhxZUu71733150495.pdf","https://goo.su/G9Oe","[Source: goo.su] Redirecting Redirecting... Please wait"
"output/pdfs-2024/xkhxZUu71733150495.pdf","https://goo.su/9FzIlj","[Source: goo.su] Redirecting Redirecting... Please wait"
"output/pdfs-2024/xkhxZUu71733150495.pdf","https://goo.su/DkqA","[Source: goo.su] Redirecting Redirecting... Please wait"
"output/pdfs-2024/xkhxZUu71733150495.pdf","https://goo.su/E1z4","[Source: www.facebook.com] üö®CONTIN√öA LA B√öSQUEDA... - Armada Paraguaya - Pagina Oficial Facebook Log In Armada Paraguaya - Pagina Oficial's Post Armada Paraguaya - Pagina Oficial October 25, 2024 ¬∑ Shared with Public CONTIN√öA LA B√öSQUEDA DE MENOR DESAPARECIDO EN AGUAS DEL R√çO PARAN√Å Personal del Destacamento Naval y de Prefectura Mayor Ota√±o contin√∫a con las labores de b√∫squeda de Olindo Manuel L√≥pez, joven paraguayo de 16 a√±os. Su desaparici√≥n fue reportada a las 06:30 horas de hoy, tras el hundimiento de la embarcaci√≥n en la que se encontraba a la altura del kil√≥metro 1812 del r√≠o Paran√°. El accidente ocurri√≥ cuando se aproximaba a la costa del lado argentino, por razones a√∫n desconocidas. Las autoridades navales, con el apoyo de pescadores locales, trabajan intensamente en la zona y han solicitado colaboraci√≥n a la Prefectura Naval Argentina para reforzar las tareas de b√∫squeda y rescate. All reactions: 15 1 comment 6 shares Like Comment Most relevant Ôªø Jose Fernando Silva Croskey 18w"
"output/pdfs-2024/xkhxZUu71733150495.pdf","https://goo.su/U9b5","[Source: www.facebook.com] üö® √ÅREA NAVAL DEL ESTE... - Armada Paraguaya - Pagina Oficial"
"output/pdfs-2024/xkhxZUu71733150495.pdf","https://goo.su/nU1EpQR","[Source: www.argentina.gob.ar] Mar del Plata: Prefectura asisti√≥ a tres kitesurfistas con dificultades para regresar a la costa | Argentina.gob.ar Presidencia de la Naci√≥n Pasar al contenido principal Ir a Mi Argentina Buscar Cerrar el buscador Mi Argentina Dejar en blanco Buscar en el sitio Buscar en el sitio Inicio Ministerio de Seguridad Nacional Prefectura Naval Argentina Noticias de la PNA Mar del Plata: Prefectura asisti√≥ a tres kitesurfistas con dificultades para regresar a la costa Mar del Plata: Prefectura asisti√≥ a tres kitesurfistas con dificultades para regresar a la costa Se desplegaron operativos por agua y por tierra para garantizar la salud de quienes estaban en situaciones de emergencia. 26 de octubre de 2024 Compartir en Facebook Compartir en X Compartir en Linkedin Compartir en Whatsapp Compartir en Telegram Personal de la Prefectura Naval Argentina asisti√≥ este viernes en Mar del Plata a tres kitesurfistas que se encontraban en el mar y presentaban dificultades para regresar a la costa. El primero de los hechos se registr√≥ en cercan√≠as a Playa Grande cuando el personal de la Fuerza se traslad√≥ a bordo de un semirr√≠gido, inmediatamente despu√©s de tomar conocimiento, a trav√©s de la l√≠nea de Emergencias N√°uticas (106), en un llamado recepcionado por el Centro de Gesti√≥n de Tr√°fico Mar√≠timo Mar del Plata, de que un kitesurfista no pod√≠a regresar a la costa. Al arribar al sitio se√±alado, la Autoridad Mar√≠tima nacional realiz√≥ las maniobras de rigor para trasladar al hombre, que se encontraba en el agua pidiendo ayuda, al puerto de la ciudad. Finalmente el kitesurfista asistido, de 64 a√±os, agradeci√≥ el accionar y se fue a su domicilio por sus propios medios, sin requerir asistencia m√©dica. Horas m√°s tarde, tras otro llamado al 106, los efectivos desplegaron un nuevo operativo, que cont√≥ tambi√©n con el traslado de un semirr√≠gido y un m√≥vil terrestre a la zona de Punta Mogotes, precisamente entre los balnearios 3 y 7, para asistir a otros dos kitesurfistas que no pod√≠an volver a la orilla. Al entrevistarlos, los hombres, de 45 y 46 a√±os, les manifestaron al personal de la Instituci√≥n que la emergencia se produjo cuando el viento provoc√≥ que uno de ellos presente dificultades para retornar a tierra, pero ante el arribo del equipo de rescate indicaron que ya se encontraban a salvo y en buen estado de salud, por lo que tampoco requirieron asistencia m√©dica. Noticias relacionadas 28 de febrero de 2025 Prefectura fue reconocida por su accionar durante un incendio ocurrido en Santa Fe 27 de febrero de 2025 Orquestas unidas: m√∫sicos de la Prefectura Naval Argentina y estudiantes de la Escuela de Berisso compartieron un emocionante concierto 27 de febrero de 2025 Prefectura Naval Argentina y la Coast Guard de EE. UU. refuerzan lazos en ceremonia de ascenso Tr√°mites Turnos Tr√°mites a distancia Atenci√≥n a la ciudadan√≠a Acerca de la Rep√∫blica Argentina Nuestro pa√≠s Leyes argentinas Organismos Mapa del Estado Acerca de Argentina.gob.ar Acerca de este sitio T√©rminos y condiciones Sugerencias Scroll hacia arriba"
"output/pdfs-2024/xkhxZUu71733150495.pdf","https://goo.su/MnRW5Y","[Source: www.argentina.gob.ar] Emergencia en Chubut: Rescatamos a un joven que cay√≥ de un acantilado | Argentina.gob.ar Presidencia de la Naci√≥n Pasar al contenido principal Ir a Mi Argentina Buscar Cerrar el buscador Mi Argentina Dejar en blanco Buscar en el sitio Buscar en el sitio Inicio Ministerio de Seguridad Nacional Prefectura Naval Argentina Noticias de la PNA Emergencia en Chubut: Rescatamos a un joven que cay√≥ de un acantilado Emergencia en Chubut: Rescatamos a un joven que cay√≥ de un acantilado El hombre, de 20 a√±os, qued√≥, herido, atrapado entre las rocas. 25 de octubre de 2024 Compartir en Facebook Compartir en X Compartir en Linkedin Compartir en Whatsapp Compartir en Telegram Efectivos de la Prefectura Naval Argentina auxiliaron a un joven que habr√≠a ca√≠do desde un acantilado y necesitaba asistencia urgente, en un operativo que ocurri√≥ en la ciudad chubutense de Comodoro Rivadavia. El rescate se inici√≥ tras un llamado a la l√≠nea de emergencias n√°uticas 106, por parte de la Polic√≠a local, en donde alertaban sobre que una persona hab√≠a quedado atrapada, herida, entre las rocas luego de haber ca√≠do desde una altura aproximada de 50 metros. A ra√≠z esto, se dirigi√≥ inmediatamente al lugar un semirr√≠gido con nadadores de rescate a bordo, quienes en una r√°pida maniobra lograron alcanzar al joven, de 20 a√±os y lo trasladaron a tierra donde lo esperaba una ambulancia. Posteriormente, el hombre fue trasladado, consciente, al hospital zonal con politraumatismos, para una mejor atenci√≥n. Noticias relacionadas 28 de febrero de 2025 Prefectura fue reconocida por su accionar durante un incendio ocurrido en Santa Fe 27 de febrero de 2025 Orquestas unidas: m√∫sicos de la Prefectura Naval Argentina y estudiantes de la Escuela de Berisso compartieron un emocionante concierto 27 de febrero de 2025 Prefectura Naval Argentina y la Coast Guard de EE. UU. refuerzan lazos en ceremonia de ascenso Tr√°mites Turnos Tr√°mites a distancia Atenci√≥n a la ciudadan√≠a Acerca de la Rep√∫blica Argentina Nuestro pa√≠s Leyes argentinas Organismos Mapa del Estado Acerca de Argentina.gob.ar Acerca de este sitio T√©rminos y condiciones Sugerencias Scroll hacia arriba"
"output/pdfs-2024/xkhxZUu71733150495.pdf","https://goo.su/b4fyY","[Source: goo.su] Redirecting Redirecting... Please wait"
"output/pdfs-2024/xkhxZUu71733150495.pdf","https://goo.su/97xlz0","[Source: goo.su] Redirecting Redirecting... Please wait"
"output/pdfs-2024/sDVMNhPi1725399013.pdf","https://goo.su/BvkK9z","[Source: www.armada.mil.co] Incautados insumos que ser√≠an utilizados para el procesamiento de sustancias il√≠citas | Armada Nacional Pasar al contenido principal Navegaci√≥n principal Qui√©nes somos Misi√≥n y Visi√≥n Objetivos Espec√≠ficos Funciones Carta de Navegaci√≥n del Comandante Principios y Valores Donde Estamos Cultura Naval Nuestra gente L√≠nea de Mando Organigrama Oficiales de Insignia Nuestra Historia Historia Naval Gran Almirante Jos√© Padilla Buque ARC ""Gloria"" Galer√≠a de Fotos Noticias Noticias Medios ARC Atenci√≥n al Ciudadano Transparencia Mapa del Sitio Suscribirse a Canal RSS Buscar Ruta de navegaci√≥n Inicio - - Incautados insumos que ser√≠an utilizados para el procesamiento de sustancias il√≠citas Incautados insumos que ser√≠an utilizados para el procesamiento de sustancias il√≠citas Incautados insumos que ser√≠an utilizados para el procesamiento de sustancias il√≠citas Incautados¬†insumos que ser√≠an utilizados para el procesamiento de sustancias il√≠citas Fueron m√°s de 1.500 galones de gasolina y 12.230 galones de ACPM que se incautaron en el desarrollo de diferentes operaciones en los departamentos de Bol√≠var, Cesar y Choc√≥. Durante el desarrollo de operaciones de registro y control adelantadas por tropas de la Armada de Colombia y el Ej√©rcito Nacional en los r√≠os y v√≠as de los departamentos de Bol√≠var, Cesar y Choc√≥, fueron incautados insumos l√≠quidos que ser√≠an utilizados para actividades criminales. Las operaciones realizadas por tropas de los Batallones Fluviales de Infanter√≠a de Marina No. 16 y 17, en los municipios de Ach√≠ y Regidor en Bol√≠var, La Gloria en Cesar y Quibd√≥ en Choc√≥, permitieron la incautaci√≥n de 1.500 galones de gasolina y 12.230 galones de ACPM, afectando de esta manera la cadena log√≠stica de las organizaciones al servicio del narcotr√°fico. El combustible, que al parecer ser√≠a utilizado para el procesamiento de alcaloides, era transportado sin los certificados de carencia y registro para el manejo de sustancias qu√≠micas controladas, por lo cual fue incautado y puesto a disposici√≥n de las autoridades competentes. La Armada de Colombia, a trav√©s de la Brigada de Infanter√≠a de Marina No.1, mantiene su ofensiva contra el narcotr√°fico, desarrollando operaciones sostenidas para contrarrestar este flagelo y sus delitos conexos, contribuyendo a la seguridad e integridad territorial de los colombianos. As√≠ mismo, invita a la ciudadan√≠a a denunciar ante las autoridades competentes cualquier actividad o situaci√≥n que ponga en riesgo la seguridad de los habitantes del Caribe colombiano. Armada Nacional de Colombia Ministerio de Defensa Nacional, Carrera 54 No. 26 ‚Äì 25 CAN Bogot√° - Colombia Conmutador(601) 369 20 00 C√≥digo Postal : #111321 - 111321199 L√≠nea de Atenci√≥n al Ciudadano y al Veterano Tel. (601) 3692000 Ext. 11112-10506 ¬†L√≠nea Nacional 018000111380 - Cel. 314-5952587 ¬†316-5307089 Horario de Atenci√≥n de Lunes a Viernes de 8 a.m. a 5 p.m. Vis√≠tenos: https://atencionalciudadano.armada.mil.co/ Email ciudadano@armada.mil.co Correo Electr√≥nico para Notificaciones Judiciales ¬† digej@armada.mil.co L√≠nea Anticorrupci√≥n Armada Nacional L√≠nea Nacional 018000116969¬† Celular No 3138386823 Disponible 24 horas Email transparencia.arc@armada.mil.co Horario de Atenci√≥n de Lunes a Viernes de 8 a.m. a 5 p.m. Contacto L√≠nea Honor L√≠nea: 163 las 24 horas Pol√≠ticas de accesibilidad y protecci√≥n de datos del sitio Email lineadehonor@mindefensa.gov.co Men√∫ de cuenta de usuario Iniciar sesi√≥n"
